class,idx,reservation_uc,actual_uc,margin_ratio,violated
cjk_dense,0,1153,1027,1.122687,false
cjk_dense,1,1192,1041,1.145053,false
cjk_dense,2,1231,1054,1.167932,false
cjk_dense,3,1257,1060,1.185849,false
cjk_dense,4,1305,1079,1.209453,false
cjk_dense,5,1137,1019,1.115800,false
cjk_dense,6,1174,1034,1.135397,false
cjk_dense,7,1222,1054,1.159393,false
cjk_dense,8,1282,1074,1.193669,false
cjk_dense,9,1327,1087,1.220791,false
cjk_dense,10,1153,1027,1.122687,false
cjk_dense,11,1192,1041,1.145053,false
cjk_dense,12,1231,1054,1.167932,false
cjk_dense,13,1257,1060,1.185849,false
cjk_dense,14,1305,1079,1.209453,false
cjk_dense,15,1137,1019,1.115800,false
cjk_dense,16,1174,1034,1.135397,false
cjk_dense,17,1222,1054,1.159393,false
cjk_dense,18,1282,1074,1.193669,false
cjk_dense,19,1327,1087,1.220791,false
cjk_dense,20,1153,1027,1.122687,false
cjk_dense,21,1192,1041,1.145053,false
cjk_dense,22,1231,1054,1.167932,false
cjk_dense,23,1257,1060,1.185849,false
cjk_dense,24,1305,1079,1.209453,false
cjk_dense,25,1137,1019,1.115800,false
cjk_dense,26,1174,1034,1.135397,false
cjk_dense,27,1222,1054,1.159393,false
cjk_dense,28,1282,1074,1.193669,false
cjk_dense,29,1327,1087,1.220791,false
cjk_dense,30,1153,1027,1.122687,false
cjk_dense,31,1192,1041,1.145053,false
cjk_dense,32,1231,1054,1.167932,false
cjk_dense,33,1257,1060,1.185849,false
cjk_dense,34,1305,1079,1.209453,false
cjk_dense,35,1137,1019,1.115800,false
cjk_dense,36,1174,1034,1.135397,false
cjk_dense,37,1222,1054,1.159393,false
cjk_dense,38,1282,1074,1.193669,false
cjk_dense,39,1327,1087,1.220791,false
cjk_dense,40,1153,1027,1.122687,false
cjk_dense,41,1192,1041,1.145053,false
cjk_dense,42,1231,1054,1.167932,false
cjk_dense,43,1257,1060,1.185849,false
cjk_dense,44,1305,1079,1.209453,false
cjk_dense,45,1137,1019,1.115800,false
cjk_dense,46,1174,1034,1.135397,false
cjk_dense,47,1222,1054,1.159393,false
cjk_dense,48,1282,1074,1.193669,false
cjk_dense,49,1327,1087,1.220791,false
cjk_dense,50,1153,1027,1.122687,false
cjk_dense,51,1192,1041,1.145053,false
cjk_dense,52,1231,1054,1.167932,false
cjk_dense,53,1257,1060,1.185849,false
cjk_dense,54,1305,1079,1.209453,false
cjk_dense,55,1137,1019,1.115800,false
cjk_dense,56,1174,1034,1.135397,false
cjk_dense,57,1222,1054,1.159393,false
cjk_dense,58,1282,1074,1.193669,false
cjk_dense,59,1327,1087,1.220791,false
cjk_dense,60,1153,1027,1.122687,false
cjk_dense,61,1192,1041,1.145053,false
cjk_dense,62,1231,1054,1.167932,false
cjk_dense,63,1257,1060,1.185849,false
cjk_dense,64,1305,1079,1.209453,false
cjk_dense,65,1137,1019,1.115800,false
cjk_dense,66,1174,1034,1.135397,false
cjk_dense,67,1222,1054,1.159393,false
cjk_dense,68,1282,1074,1.193669,false
cjk_dense,69,1327,1087,1.220791,false
cjk_dense,70,1153,1027,1.122687,false
cjk_dense,71,1192,1041,1.145053,false
cjk_dense,72,1231,1054,1.167932,false
cjk_dense,73,1257,1060,1.185849,false
cjk_dense,74,1305,1079,1.209453,false
cjk_dense,75,1137,1019,1.115800,false
cjk_dense,76,1174,1034,1.135397,false
cjk_dense,77,1222,1054,1.159393,false
cjk_dense,78,1282,1074,1.193669,false
cjk_dense,79,1327,1087,1.220791,false
cjk_dense,80,1153,1027,1.122687,false
cjk_dense,81,1192,1041,1.145053,false
cjk_dense,82,1231,1054,1.167932,false
cjk_dense,83,1257,1060,1.185849,false
cjk_dense,84,1305,1079,1.209453,false
cjk_dense,85,1137,1019,1.115800,false
cjk_dense,86,1174,1034,1.135397,false
cjk_dense,87,1222,1054,1.159393,false
cjk_dense,88,1282,1074,1.193669,false
cjk_dense,89,1327,1087,1.220791,false
cjk_dense,90,1153,1027,1.122687,false
cjk_dense,91,1192,1041,1.145053,false
cjk_dense,92,1231,1054,1.167932,false
cjk_dense,93,1257,1060,1.185849,false
cjk_dense,94,1305,1079,1.209453,false
cjk_dense,95,1137,1019,1.115800,false
cjk_dense,96,1174,1034,1.135397,false
cjk_dense,97,1222,1054,1.159393,false
cjk_dense,98,1282,1074,1.193669,false
cjk_dense,99,1327,1087,1.220791,false
emoji_dense,0,1136,622,1.826367,false
emoji_dense,1,1140,1015,1.123153,false
emoji_dense,2,1144,683,1.674963,false
emoji_dense,3,1148,1046,1.097514,false
emoji_dense,4,1152,1049,1.098189,false
emoji_dense,5,1156,1053,1.097816,false
emoji_dense,6,1160,1056,1.098485,false
emoji_dense,7,1164,1059,1.099150,false
emoji_dense,8,1168,1062,1.099812,false
emoji_dense,9,1172,1065,1.100469,false
emoji_dense,10,1176,1068,1.101124,false
emoji_dense,11,1180,1071,1.101774,false
emoji_dense,12,1184,1049,1.128694,false
emoji_dense,13,1188,1076,1.104089,false
emoji_dense,14,1192,1049,1.136320,false
emoji_dense,15,1196,1082,1.105360,false
emoji_dense,16,1200,890,1.348315,false
emoji_dense,17,1204,1088,1.106618,false
emoji_dense,18,1208,1091,1.107241,false
emoji_dense,19,1212,1094,1.107861,false
emoji_dense,20,1136,743,1.528937,false
emoji_dense,21,1140,1041,1.095101,false
emoji_dense,22,1144,964,1.186722,false
emoji_dense,23,1148,966,1.188406,false
emoji_dense,24,1152,1049,1.098189,false
emoji_dense,25,1156,987,1.171226,false
emoji_dense,26,1160,850,1.364706,false
emoji_dense,27,1164,843,1.380783,false
emoji_dense,28,1168,1061,1.100848,false
emoji_dense,29,1172,1064,1.101504,false
emoji_dense,30,1176,1067,1.102156,false
emoji_dense,31,1180,1070,1.102804,false
emoji_dense,32,1184,1073,1.103448,false
emoji_dense,33,1188,1076,1.104089,false
emoji_dense,34,1192,1019,1.169774,false
emoji_dense,35,1196,1083,1.104340,false
emoji_dense,36,1200,1086,1.104972,false
emoji_dense,37,1204,1089,1.105601,false
emoji_dense,38,1208,1091,1.107241,false
emoji_dense,39,1212,1094,1.107861,false
emoji_dense,40,1136,903,1.258029,false
emoji_dense,41,1140,966,1.180124,false
emoji_dense,42,1144,1004,1.139442,false
emoji_dense,43,1148,1022,1.123288,false
emoji_dense,44,1152,850,1.355294,false
emoji_dense,45,1156,1053,1.097816,false
emoji_dense,46,1160,956,1.213389,false
emoji_dense,47,1164,1059,1.099150,false
emoji_dense,48,1168,1061,1.100848,false
emoji_dense,49,1172,924,1.268398,false
emoji_dense,50,1176,1067,1.102156,false
emoji_dense,51,1180,1070,1.102804,false
emoji_dense,52,1184,1073,1.103448,false
emoji_dense,53,1188,1076,1.104089,false
emoji_dense,54,1192,1079,1.104727,false
emoji_dense,55,1196,1082,1.105360,false
emoji_dense,56,1200,1085,1.105991,false
emoji_dense,57,1204,1088,1.106618,false
emoji_dense,58,1208,1091,1.107241,false
emoji_dense,59,1212,1094,1.107861,false
emoji_dense,60,1136,632,1.797468,false
emoji_dense,61,1140,560,2.035714,false
emoji_dense,62,1144,948,1.206751,false
emoji_dense,63,1148,1046,1.097514,false
emoji_dense,64,1152,789,1.460076,false
emoji_dense,65,1156,1053,1.097816,false
emoji_dense,66,1160,1056,1.098485,false
emoji_dense,67,1164,1059,1.099150,false
emoji_dense,68,1168,1062,1.099812,false
emoji_dense,69,1172,1065,1.100469,false
emoji_dense,70,1176,1068,1.101124,false
emoji_dense,71,1180,1071,1.101774,false
emoji_dense,72,1184,994,1.191147,false
emoji_dense,73,1188,1076,1.104089,false
emoji_dense,74,1192,954,1.249476,false
emoji_dense,75,1196,1082,1.105360,false
emoji_dense,76,1200,1085,1.105991,false
emoji_dense,77,1204,1088,1.106618,false
emoji_dense,78,1208,1091,1.107241,false
emoji_dense,79,1212,1094,1.107861,false
emoji_dense,80,1136,758,1.498681,false
emoji_dense,81,1140,661,1.724660,false
emoji_dense,82,1144,1044,1.095785,false
emoji_dense,83,1148,1046,1.097514,false
emoji_dense,84,1152,949,1.213909,false
emoji_dense,85,1156,1052,1.098859,false
emoji_dense,86,1160,1055,1.099526,false
emoji_dense,87,1164,1058,1.100189,false
emoji_dense,88,1168,1061,1.100848,false
emoji_dense,89,1172,1064,1.101504,false
emoji_dense,90,1176,1067,1.102156,false
emoji_dense,91,1180,840,1.404762,false
emoji_dense,92,1184,993,1.192346,false
emoji_dense,93,1188,1071,1.109244,false
emoji_dense,94,1192,924,1.290043,false
emoji_dense,95,1196,1023,1.169110,false
emoji_dense,96,1200,1086,1.104972,false
emoji_dense,97,1204,1089,1.105601,false
emoji_dense,98,1208,1091,1.107241,false
emoji_dense,99,1212,1094,1.107861,false
repeated_rare,0,1446,703,2.056899,false
repeated_rare,1,1602,949,1.688093,false
repeated_rare,2,1444,739,1.953992,false
repeated_rare,3,1486,933,1.592712,false
repeated_rare,4,1460,779,1.874198,false
repeated_rare,5,1516,678,2.235988,false
repeated_rare,6,1416,592,2.391892,false
repeated_rare,7,1453,321,4.526480,false
repeated_rare,8,1492,535,2.788785,false
repeated_rare,9,1476,864,1.708333,false
repeated_rare,10,1796,778,2.308483,false
repeated_rare,11,2062,849,2.428740,false
repeated_rare,12,1734,704,2.463068,false
repeated_rare,13,1786,713,2.504909,false
repeated_rare,14,1720,619,2.778675,false
repeated_rare,15,1796,728,2.467033,false
repeated_rare,16,1616,427,3.784543,false
repeated_rare,17,1663,356,4.671348,false
repeated_rare,18,1712,630,2.717460,false
repeated_rare,19,1676,719,2.331015,false
repeated_rare,20,1446,468,3.089744,false
repeated_rare,21,1602,754,2.124668,false
repeated_rare,22,1444,769,1.877763,false
repeated_rare,23,1486,593,2.505902,false
repeated_rare,24,1460,584,2.500000,false
repeated_rare,25,1516,948,1.599156,false
repeated_rare,26,1416,557,2.542190,false
repeated_rare,27,1453,311,4.672026,false
repeated_rare,28,1492,565,2.640708,false
repeated_rare,29,1476,784,1.882653,false
repeated_rare,30,1796,608,2.953947,false
repeated_rare,31,2062,1244,1.657556,false
repeated_rare,32,1734,689,2.516691,false
repeated_rare,33,1786,733,2.436562,false
repeated_rare,34,1720,824,2.087379,false
repeated_rare,35,1796,673,2.668648,false
repeated_rare,36,1616,427,3.784543,false
repeated_rare,37,1663,531,3.131827,false
repeated_rare,38,1712,595,2.877311,false
repeated_rare,39,1676,779,2.151476,false
repeated_rare,40,1446,688,2.101744,false
repeated_rare,41,1602,764,2.096859,false
repeated_rare,42,1444,554,2.606498,false
repeated_rare,43,1486,998,1.488978,false
repeated_rare,44,1460,639,2.284820,false
repeated_rare,45,1516,678,2.235988,false
repeated_rare,46,1416,592,2.391892,false
repeated_rare,47,1453,411,3.535280,false
repeated_rare,48,1492,490,3.044898,false
repeated_rare,49,1476,609,2.423645,false
repeated_rare,50,1796,668,2.688623,false
repeated_rare,51,2062,824,2.502427,false
repeated_rare,52,1734,684,2.535088,false
repeated_rare,53,1786,838,2.131265,false
repeated_rare,54,1720,844,2.037915,false
repeated_rare,55,1796,898,2.000000,false
repeated_rare,56,1616,632,2.556962,false
repeated_rare,57,1663,361,4.606648,false
repeated_rare,58,1712,555,3.084685,false
repeated_rare,59,1676,694,2.414986,false
repeated_rare,60,1446,678,2.132743,false
repeated_rare,61,1602,629,2.546900,false
repeated_rare,62,1444,534,2.704120,false
repeated_rare,63,1486,843,1.762752,false
repeated_rare,64,1460,799,1.827284,false
repeated_rare,65,1516,1113,1.362084,false
repeated_rare,66,1416,582,2.432990,false
repeated_rare,67,1453,531,2.736347,false
repeated_rare,68,1492,475,3.141053,false
repeated_rare,69,1476,749,1.970628,false
repeated_rare,70,1796,713,2.518934,false
repeated_rare,71,2062,819,2.517705,false
repeated_rare,72,1734,664,2.611446,false
repeated_rare,73,1786,813,2.196802,false
repeated_rare,74,1720,604,2.847682,false
repeated_rare,75,1796,843,2.130486,false
repeated_rare,76,1616,557,2.901257,false
repeated_rare,77,1663,641,2.594384,false
repeated_rare,78,1712,565,3.030088,false
repeated_rare,79,1676,784,2.137755,false
repeated_rare,80,1446,483,2.993789,false
repeated_rare,81,1602,704,2.275568,false
repeated_rare,82,1444,539,2.679035,false
repeated_rare,83,1486,593,2.505902,false
repeated_rare,84,1460,654,2.232416,false
repeated_rare,85,1516,773,1.961190,false
repeated_rare,86,1416,582,2.432990,false
repeated_rare,87,1453,451,3.221729,false
repeated_rare,88,1492,490,3.044898,false
repeated_rare,89,1476,889,1.660292,false
repeated_rare,90,1796,688,2.610465,false
repeated_rare,91,2062,869,2.372842,false
repeated_rare,92,1734,684,2.535088,false
repeated_rare,93,1786,833,2.144058,false
repeated_rare,94,1720,659,2.610015,false
repeated_rare,95,1796,828,2.169082,false
repeated_rare,96,1616,592,2.729730,false
repeated_rare,97,1663,481,3.457380,false
repeated_rare,98,1712,580,2.951724,false
repeated_rare,99,1676,774,2.165375,false
long_output,0,1150,1020,1.127451,false
long_output,1,1153,1023,1.127077,false
long_output,2,1156,1021,1.132223,false
long_output,3,1154,1022,1.129159,false
long_output,4,1151,1019,1.129539,false
long_output,5,1156,1021,1.132223,false
long_output,6,1155,1021,1.131244,false
long_output,7,1161,1022,1.136008,false
long_output,8,1155,1024,1.127930,false
long_output,9,1154,1021,1.130264,false
long_output,10,1150,1020,1.127451,false
long_output,11,1153,1023,1.127077,false
long_output,12,1156,1021,1.132223,false
long_output,13,1154,1022,1.129159,false
long_output,14,1151,1019,1.129539,false
long_output,15,1156,1021,1.132223,false
long_output,16,1155,1021,1.131244,false
long_output,17,1161,1022,1.136008,false
long_output,18,1155,1024,1.127930,false
long_output,19,1154,1021,1.130264,false
long_output,20,1150,1020,1.127451,false
long_output,21,1153,1023,1.127077,false
long_output,22,1156,1021,1.132223,false
long_output,23,1154,1022,1.129159,false
long_output,24,1151,1019,1.129539,false
long_output,25,1156,1021,1.132223,false
long_output,26,1155,1021,1.131244,false
long_output,27,1161,1022,1.136008,false
long_output,28,1155,1024,1.127930,false
long_output,29,1154,1021,1.130264,false
long_output,30,1150,1020,1.127451,false
long_output,31,1153,1023,1.127077,false
long_output,32,1156,1021,1.132223,false
long_output,33,1154,1022,1.129159,false
long_output,34,1151,1019,1.129539,false
long_output,35,1156,1021,1.132223,false
long_output,36,1155,1021,1.131244,false
long_output,37,1161,1022,1.136008,false
long_output,38,1155,1024,1.127930,false
long_output,39,1154,1021,1.130264,false
long_output,40,1150,1020,1.127451,false
long_output,41,1153,1023,1.127077,false
long_output,42,1156,1021,1.132223,false
long_output,43,1154,1022,1.129159,false
long_output,44,1151,1019,1.129539,false
long_output,45,1156,1021,1.132223,false
long_output,46,1155,1021,1.131244,false
long_output,47,1161,1022,1.136008,false
long_output,48,1155,1024,1.127930,false
long_output,49,1154,1021,1.130264,false
long_output,50,1150,1020,1.127451,false
long_output,51,1153,1023,1.127077,false
long_output,52,1156,1021,1.132223,false
long_output,53,1154,1022,1.129159,false
long_output,54,1151,1019,1.129539,false
long_output,55,1156,1021,1.132223,false
long_output,56,1155,1021,1.131244,false
long_output,57,1161,1022,1.136008,false
long_output,58,1155,1024,1.127930,false
long_output,59,1154,1021,1.130264,false
long_output,60,1150,1020,1.127451,false
long_output,61,1153,1023,1.127077,false
long_output,62,1156,1021,1.132223,false
long_output,63,1154,1022,1.129159,false
long_output,64,1151,1019,1.129539,false
long_output,65,1156,1021,1.132223,false
long_output,66,1155,1021,1.131244,false
long_output,67,1161,1022,1.136008,false
long_output,68,1155,1024,1.127930,false
long_output,69,1154,1021,1.130264,false
long_output,70,1150,1020,1.127451,false
long_output,71,1153,1023,1.127077,false
long_output,72,1156,1021,1.132223,false
long_output,73,1154,1022,1.129159,false
long_output,74,1151,1019,1.129539,false
long_output,75,1156,1021,1.132223,false
long_output,76,1155,1021,1.131244,false
long_output,77,1161,1022,1.136008,false
long_output,78,1155,1024,1.127930,false
long_output,79,1154,1021,1.130264,false
long_output,80,1150,1020,1.127451,false
long_output,81,1153,1023,1.127077,false
long_output,82,1156,1021,1.132223,false
long_output,83,1154,1022,1.129159,false
long_output,84,1151,1019,1.129539,false
long_output,85,1156,1021,1.132223,false
long_output,86,1155,1021,1.131244,false
long_output,87,1161,1022,1.136008,false
long_output,88,1155,1024,1.127930,false
long_output,89,1154,1021,1.130264,false
long_output,90,1150,1020,1.127451,false
long_output,91,1153,1023,1.127077,false
long_output,92,1156,1021,1.132223,false
long_output,93,1154,1022,1.129159,false
long_output,94,1151,1019,1.129539,false
long_output,95,1156,1021,1.132223,false
long_output,96,1155,1021,1.131244,false
long_output,97,1161,1022,1.136008,false
long_output,98,1155,1024,1.127930,false
long_output,99,1154,1021,1.130264,false
mixed_scripts,0,1179,619,1.904685,false
mixed_scripts,1,1218,868,1.403226,false
mixed_scripts,2,1228,931,1.319012,false
mixed_scripts,3,1251,1060,1.180189,false
mixed_scripts,4,1252,917,1.365322,false
mixed_scripts,5,1171,788,1.486041,false
mixed_scripts,6,1211,847,1.429752,false
mixed_scripts,7,1229,649,1.893683,false
mixed_scripts,8,1273,960,1.326042,false
mixed_scripts,9,1273,1069,1.190833,false
mixed_scripts,10,1179,854,1.380562,false
mixed_scripts,11,1218,838,1.453461,false
mixed_scripts,12,1228,1051,1.168411,false
mixed_scripts,13,1251,1060,1.180189,false
mixed_scripts,14,1252,1027,1.219085,false
mixed_scripts,15,1171,753,1.555113,false
mixed_scripts,16,1211,962,1.258836,false
mixed_scripts,17,1229,894,1.374720,false
mixed_scripts,18,1273,1065,1.195305,false
mixed_scripts,19,1273,1069,1.190833,false
mixed_scripts,20,1179,799,1.475594,false
mixed_scripts,21,1218,1048,1.162214,false
mixed_scripts,22,1228,1051,1.168411,false
mixed_scripts,23,1251,960,1.303125,false
mixed_scripts,24,1252,867,1.444060,false
mixed_scripts,25,1171,583,2.008576,false
mixed_scripts,26,1211,1012,1.196640,false
mixed_scripts,27,1229,924,1.330087,false
mixed_scripts,28,1273,1065,1.195305,false
mixed_scripts,29,1273,1069,1.190833,false
mixed_scripts,30,1179,574,2.054007,false
mixed_scripts,31,1218,923,1.319610,false
mixed_scripts,32,1228,991,1.239152,false
mixed_scripts,33,1251,1060,1.180189,false
mixed_scripts,34,1252,1062,1.178908,false
mixed_scripts,35,1171,813,1.440344,false
mixed_scripts,36,1211,967,1.252327,false
mixed_scripts,37,1229,814,1.509828,false
mixed_scripts,38,1273,1040,1.224038,false
mixed_scripts,39,1273,1069,1.190833,false
mixed_scripts,40,1179,719,1.639777,false
mixed_scripts,41,1218,1048,1.162214,false
mixed_scripts,42,1228,1051,1.168411,false
mixed_scripts,43,1251,1060,1.180189,false
mixed_scripts,44,1252,912,1.372807,false
mixed_scripts,45,1171,733,1.597544,false
mixed_scripts,46,1211,882,1.373016,false
mixed_scripts,47,1229,854,1.439110,false
mixed_scripts,48,1273,1035,1.229952,false
mixed_scripts,49,1273,994,1.280684,false
mixed_scripts,50,1179,579,2.036269,false
mixed_scripts,51,1218,913,1.334064,false
mixed_scripts,52,1228,1051,1.168411,false
mixed_scripts,53,1251,1060,1.180189,false
mixed_scripts,54,1252,1062,1.178908,false
mixed_scripts,55,1171,778,1.505141,false
mixed_scripts,56,1211,757,1.599736,false
mixed_scripts,57,1229,874,1.406178,false
mixed_scripts,58,1273,1065,1.195305,false
mixed_scripts,59,1273,1069,1.190833,false
mixed_scripts,60,1179,834,1.413669,false
mixed_scripts,61,1218,1048,1.162214,false
mixed_scripts,62,1228,1036,1.185328,false
mixed_scripts,63,1251,1060,1.180189,false
mixed_scripts,64,1252,882,1.419501,false
mixed_scripts,65,1171,843,1.389087,false
mixed_scripts,66,1211,1042,1.162188,false
mixed_scripts,67,1229,884,1.390271,false
mixed_scripts,68,1273,1025,1.241951,false
mixed_scripts,69,1273,1069,1.190833,false
mixed_scripts,70,1179,654,1.802752,false
mixed_scripts,71,1218,998,1.220441,false
mixed_scripts,72,1228,1051,1.168411,false
mixed_scripts,73,1251,975,1.283077,false
mixed_scripts,74,1252,887,1.411499,false
mixed_scripts,75,1171,663,1.766214,false
mixed_scripts,76,1211,1047,1.156638,false
mixed_scripts,77,1229,799,1.538173,false
mixed_scripts,78,1273,1065,1.195305,false
mixed_scripts,79,1273,1069,1.190833,false
mixed_scripts,80,1179,599,1.968280,false
mixed_scripts,81,1218,1048,1.162214,false
mixed_scripts,82,1228,1046,1.173996,false
mixed_scripts,83,1251,1060,1.180189,false
mixed_scripts,84,1252,902,1.388027,false
mixed_scripts,85,1171,838,1.397375,false
mixed_scripts,86,1211,817,1.482252,false
mixed_scripts,87,1229,679,1.810015,false
mixed_scripts,88,1273,960,1.326042,false
mixed_scripts,89,1273,1069,1.190833,false
mixed_scripts,90,1179,629,1.874404,false
mixed_scripts,91,1218,1048,1.162214,false
mixed_scripts,92,1228,1051,1.168411,false
mixed_scripts,93,1251,1060,1.180189,false
mixed_scripts,94,1252,907,1.380375,false
mixed_scripts,95,1171,623,1.879615,false
mixed_scripts,96,1211,997,1.214644,false
mixed_scripts,97,1229,714,1.721289,false
mixed_scripts,98,1273,1065,1.195305,false
mixed_scripts,99,1273,1069,1.190833,false
json_dense,0,1154,700,1.648571,false
json_dense,1,1162,713,1.629734,false
json_dense,2,1170,717,1.631799,false
json_dense,3,1178,900,1.308889,false
json_dense,4,1186,1019,1.163886,false
json_dense,5,1194,1037,1.151398,false
json_dense,6,1202,1051,1.143673,false
json_dense,7,1210,1044,1.159004,false
json_dense,8,1218,1058,1.151229,false
json_dense,9,1226,1051,1.166508,false
json_dense,10,1155,715,1.615385,false
json_dense,11,1163,833,1.396158,false
json_dense,12,1171,877,1.335234,false
json_dense,13,1179,855,1.378947,false
json_dense,14,1187,1044,1.136973,false
json_dense,15,1195,1047,1.141356,false
json_dense,16,1203,1051,1.144624,false
json_dense,17,1211,1054,1.148956,false
json_dense,18,1219,1058,1.152174,false
json_dense,19,1227,1061,1.156456,false
json_dense,20,1155,935,1.235294,false
json_dense,21,1163,773,1.504528,false
json_dense,22,1171,877,1.335234,false
json_dense,23,1179,970,1.215464,false
json_dense,24,1187,1044,1.136973,false
json_dense,25,1195,877,1.362600,false
json_dense,26,1203,1051,1.144624,false
json_dense,27,1211,1049,1.154433,false
json_dense,28,1219,1058,1.152174,false
json_dense,29,1227,1061,1.156456,false
json_dense,30,1155,905,1.276243,false
json_dense,31,1163,763,1.524246,false
json_dense,32,1171,722,1.621884,false
json_dense,33,1179,880,1.339773,false
json_dense,34,1187,989,1.200202,false
json_dense,35,1195,1017,1.175025,false
json_dense,36,1203,1051,1.144624,false
json_dense,37,1211,1054,1.148956,false
json_dense,38,1219,1058,1.152174,false
json_dense,39,1227,1061,1.156456,false
json_dense,40,1155,1010,1.143564,false
json_dense,41,1163,923,1.260022,false
json_dense,42,1171,932,1.256438,false
json_dense,43,1179,945,1.247619,false
json_dense,44,1187,944,1.257415,false
json_dense,45,1195,1047,1.141356,false
json_dense,46,1203,1011,1.189911,false
json_dense,47,1211,1054,1.148956,false
json_dense,48,1219,1058,1.152174,false
json_dense,49,1227,1061,1.156456,false
json_dense,50,1155,715,1.615385,false
json_dense,51,1163,868,1.339862,false
json_dense,52,1171,937,1.249733,false
json_dense,53,1179,865,1.363006,false
json_dense,54,1187,1029,1.153547,false
json_dense,55,1195,907,1.317530,false
json_dense,56,1203,746,1.612601,false
json_dense,57,1211,1054,1.148956,false
json_dense,58,1219,1058,1.152174,false
json_dense,59,1227,1061,1.156456,false
json_dense,60,1155,760,1.519737,false
json_dense,61,1163,688,1.690407,false
json_dense,62,1171,752,1.557181,false
json_dense,63,1179,900,1.310000,false
json_dense,64,1187,874,1.358124,false
json_dense,65,1195,1047,1.141356,false
json_dense,66,1203,1051,1.144624,false
json_dense,67,1211,1054,1.148956,false
json_dense,68,1219,788,1.546954,false
json_dense,69,1227,1061,1.156456,false
json_dense,70,1155,970,1.190722,false
json_dense,71,1163,768,1.514323,false
json_dense,72,1171,967,1.210962,false
json_dense,73,1179,870,1.355172,false
json_dense,74,1187,904,1.313053,false
json_dense,75,1195,1047,1.141356,false
json_dense,76,1203,1011,1.189911,false
json_dense,77,1211,1054,1.148956,false
json_dense,78,1219,1058,1.152174,false
json_dense,79,1227,1061,1.156456,false
json_dense,80,1155,680,1.698529,false
json_dense,81,1163,688,1.690407,false
json_dense,82,1171,737,1.588874,false
json_dense,83,1179,915,1.288525,false
json_dense,84,1187,1044,1.136973,false
json_dense,85,1195,972,1.229424,false
json_dense,86,1203,1041,1.155620,false
json_dense,87,1211,1054,1.148956,false
json_dense,88,1219,1058,1.152174,false
json_dense,89,1227,1061,1.156456,false
json_dense,90,1155,950,1.215789,false
json_dense,91,1163,933,1.246517,false
json_dense,92,1171,737,1.588874,false
json_dense,93,1179,910,1.295604,false
json_dense,94,1187,894,1.327740,false
json_dense,95,1195,1047,1.141356,false
json_dense,96,1203,1051,1.144624,false
json_dense,97,1211,1054,1.148956,false
json_dense,98,1219,813,1.499385,false
json_dense,99,1227,1061,1.156456,false
whitespace_pad,0,1201,366,3.281421,false
whitespace_pad,1,1202,406,2.960591,false
whitespace_pad,2,1203,501,2.401198,false
whitespace_pad,3,1204,451,2.669623,false
whitespace_pad,4,1205,476,2.531513,false
whitespace_pad,5,1206,571,2.112084,false
whitespace_pad,6,1207,586,2.059727,false
whitespace_pad,7,1208,496,2.435484,false
whitespace_pad,8,1209,581,2.080895,false
whitespace_pad,9,1210,496,2.439516,false
whitespace_pad,10,1212,491,2.468432,false
whitespace_pad,11,1213,451,2.689579,false
whitespace_pad,12,1214,491,2.472505,false
whitespace_pad,13,1215,517,2.350097,false
whitespace_pad,14,1216,412,2.951456,false
whitespace_pad,15,1217,442,2.753394,false
whitespace_pad,16,1218,1017,1.197640,false
whitespace_pad,17,1219,472,2.582627,false
whitespace_pad,18,1220,792,1.540404,false
whitespace_pad,19,1221,517,2.361702,false
whitespace_pad,20,1222,612,1.996732,false
whitespace_pad,21,1223,467,2.618844,false
whitespace_pad,22,1224,527,2.322581,false
whitespace_pad,23,1225,477,2.568134,false
whitespace_pad,24,1226,432,2.837963,false
whitespace_pad,25,1227,512,2.396484,false
whitespace_pad,26,1228,622,1.974277,false
whitespace_pad,27,1229,502,2.448207,false
whitespace_pad,28,1230,547,2.248629,false
whitespace_pad,29,1231,478,2.575314,false
whitespace_pad,30,1232,658,1.872340,false
whitespace_pad,31,1233,443,2.783296,false
whitespace_pad,32,1234,1018,1.212181,false
whitespace_pad,33,1235,578,2.136678,false
whitespace_pad,34,1236,548,2.255474,false
whitespace_pad,35,1237,473,2.615222,false
whitespace_pad,36,1238,533,2.322702,false
whitespace_pad,37,1239,473,2.619450,false
whitespace_pad,38,1240,353,3.512748,false
whitespace_pad,39,1241,718,1.728412,false
whitespace_pad,40,1242,598,2.076923,false
whitespace_pad,41,1243,483,2.573499,false
whitespace_pad,42,1244,543,2.290976,false
whitespace_pad,43,1245,523,2.380497,false
whitespace_pad,44,1246,458,2.720524,false
whitespace_pad,45,1247,504,2.474206,false
whitespace_pad,46,1248,424,2.943396,false
whitespace_pad,47,1249,419,2.980907,false
whitespace_pad,48,1250,674,1.854599,false
whitespace_pad,49,1251,499,2.507014,false
whitespace_pad,50,1252,579,2.162349,false
whitespace_pad,51,1253,519,2.414258,false
whitespace_pad,52,1254,464,2.702586,false
whitespace_pad,53,1255,434,2.891705,false
whitespace_pad,54,1256,449,2.797327,false
whitespace_pad,55,1257,469,2.680171,false
whitespace_pad,56,1258,484,2.599174,false
whitespace_pad,57,1259,514,2.449416,false
whitespace_pad,58,1260,559,2.254025,false
whitespace_pad,59,1261,469,2.688699,false
whitespace_pad,60,1262,409,3.085575,false
whitespace_pad,61,1263,520,2.428846,false
whitespace_pad,62,1264,525,2.407619,false
whitespace_pad,63,1265,485,2.608247,false
whitespace_pad,64,1266,1020,1.241176,false
whitespace_pad,65,1267,480,2.639583,false
whitespace_pad,66,1268,650,1.950769,false
whitespace_pad,67,1269,515,2.464078,false
whitespace_pad,68,1270,500,2.540000,false
whitespace_pad,69,1271,485,2.620619,false
whitespace_pad,70,1272,530,2.400000,false
whitespace_pad,71,1273,560,2.273214,false
whitespace_pad,72,1274,520,2.450000,false
whitespace_pad,73,1275,685,1.861314,false
whitespace_pad,74,1276,555,2.299099,false
whitespace_pad,75,1277,480,2.660417,false
whitespace_pad,76,1278,490,2.608163,false
whitespace_pad,77,1279,601,2.128120,false
whitespace_pad,78,1280,591,2.165821,false
whitespace_pad,79,1281,566,2.263251,false
whitespace_pad,80,1282,551,2.326679,false
whitespace_pad,81,1283,466,2.753219,false
whitespace_pad,82,1284,486,2.641975,false
whitespace_pad,83,1285,461,2.787419,false
whitespace_pad,84,1286,671,1.916542,false
whitespace_pad,85,1287,516,2.494186,false
whitespace_pad,86,1288,576,2.236111,false
whitespace_pad,87,1289,511,2.522505,false
whitespace_pad,88,1290,511,2.524462,false
whitespace_pad,89,1291,536,2.408582,false
whitespace_pad,90,1292,706,1.830028,false
whitespace_pad,91,1293,546,2.368132,false
whitespace_pad,92,1294,451,2.869180,false
whitespace_pad,93,1295,587,2.206133,false
whitespace_pad,94,1296,472,2.745763,false
whitespace_pad,95,1297,917,1.414395,false
whitespace_pad,96,1298,377,3.442971,false
whitespace_pad,97,1299,877,1.481186,false
whitespace_pad,98,1300,722,1.800554,false
whitespace_pad,99,1301,572,2.274476,false
code_heavy,0,1184,1038,1.140655,false
code_heavy,1,1184,1038,1.140655,false
code_heavy,2,1184,1038,1.140655,false
code_heavy,3,1184,1038,1.140655,false
code_heavy,4,1184,1038,1.140655,false
code_heavy,5,1184,1038,1.140655,false
code_heavy,6,1184,1038,1.140655,false
code_heavy,7,1184,1038,1.140655,false
code_heavy,8,1184,1038,1.140655,false
code_heavy,9,1184,1038,1.140655,false
code_heavy,10,1185,1038,1.141618,false
code_heavy,11,1185,1038,1.141618,false
code_heavy,12,1185,1038,1.141618,false
code_heavy,13,1185,1038,1.141618,false
code_heavy,14,1185,1038,1.141618,false
code_heavy,15,1185,1038,1.141618,false
code_heavy,16,1185,1038,1.141618,false
code_heavy,17,1185,1038,1.141618,false
code_heavy,18,1185,1038,1.141618,false
code_heavy,19,1185,1038,1.141618,false
code_heavy,20,1185,1038,1.141618,false
code_heavy,21,1185,1038,1.141618,false
code_heavy,22,1185,1038,1.141618,false
code_heavy,23,1185,1038,1.141618,false
code_heavy,24,1185,1038,1.141618,false
code_heavy,25,1185,1038,1.141618,false
code_heavy,26,1185,1038,1.141618,false
code_heavy,27,1185,1038,1.141618,false
code_heavy,28,1185,1038,1.141618,false
code_heavy,29,1185,1038,1.141618,false
code_heavy,30,1185,1038,1.141618,false
code_heavy,31,1185,1038,1.141618,false
code_heavy,32,1185,1038,1.141618,false
code_heavy,33,1185,1038,1.141618,false
code_heavy,34,1185,1038,1.141618,false
code_heavy,35,1185,1038,1.141618,false
code_heavy,36,1185,1038,1.141618,false
code_heavy,37,1185,1038,1.141618,false
code_heavy,38,1185,1038,1.141618,false
code_heavy,39,1185,1038,1.141618,false
code_heavy,40,1185,1038,1.141618,false
code_heavy,41,1185,1038,1.141618,false
code_heavy,42,1185,1038,1.141618,false
code_heavy,43,1185,1038,1.141618,false
code_heavy,44,1185,1038,1.141618,false
code_heavy,45,1185,1038,1.141618,false
code_heavy,46,1185,1038,1.141618,false
code_heavy,47,1185,1038,1.141618,false
code_heavy,48,1185,1038,1.141618,false
code_heavy,49,1185,1038,1.141618,false
code_heavy,50,1185,1038,1.141618,false
code_heavy,51,1185,1038,1.141618,false
code_heavy,52,1185,1038,1.141618,false
code_heavy,53,1185,1038,1.141618,false
code_heavy,54,1185,1038,1.141618,false
code_heavy,55,1185,1038,1.141618,false
code_heavy,56,1185,1038,1.141618,false
code_heavy,57,1185,1038,1.141618,false
code_heavy,58,1185,1038,1.141618,false
code_heavy,59,1185,1038,1.141618,false
code_heavy,60,1185,1038,1.141618,false
code_heavy,61,1185,1038,1.141618,false
code_heavy,62,1185,1038,1.141618,false
code_heavy,63,1185,1038,1.141618,false
code_heavy,64,1185,1038,1.141618,false
code_heavy,65,1185,1038,1.141618,false
code_heavy,66,1185,1038,1.141618,false
code_heavy,67,1185,1038,1.141618,false
code_heavy,68,1185,1038,1.141618,false
code_heavy,69,1185,1038,1.141618,false
code_heavy,70,1185,1038,1.141618,false
code_heavy,71,1185,1038,1.141618,false
code_heavy,72,1185,1038,1.141618,false
code_heavy,73,1185,1038,1.141618,false
code_heavy,74,1185,1038,1.141618,false
code_heavy,75,1185,1038,1.141618,false
code_heavy,76,1185,1038,1.141618,false
code_heavy,77,1185,1038,1.141618,false
code_heavy,78,1185,1038,1.141618,false
code_heavy,79,1185,1038,1.141618,false
code_heavy,80,1185,1038,1.141618,false
code_heavy,81,1185,1038,1.141618,false
code_heavy,82,1185,1038,1.141618,false
code_heavy,83,1185,1038,1.141618,false
code_heavy,84,1185,1038,1.141618,false
code_heavy,85,1185,1038,1.141618,false
code_heavy,86,1185,1038,1.141618,false
code_heavy,87,1185,1038,1.141618,false
code_heavy,88,1185,1038,1.141618,false
code_heavy,89,1185,1038,1.141618,false
code_heavy,90,1185,1038,1.141618,false
code_heavy,91,1185,1038,1.141618,false
code_heavy,92,1185,1038,1.141618,false
code_heavy,93,1185,1038,1.141618,false
code_heavy,94,1185,1038,1.141618,false
code_heavy,95,1185,1038,1.141618,false
code_heavy,96,1185,1038,1.141618,false
code_heavy,97,1185,1038,1.141618,false
code_heavy,98,1185,1038,1.141618,false
code_heavy,99,1185,1038,1.141618,false
long_prompt,0,7126,1450,4.914483,false
long_prompt,1,7186,1462,4.915185,false
long_prompt,2,7246,1399,5.179414,false
long_prompt,3,7306,1486,4.916555,false
long_prompt,4,7366,1493,4.933691,false
long_prompt,5,7426,1435,5.174913,false
long_prompt,6,7486,1447,5.173462,false
long_prompt,7,7546,1459,5.172036,false
long_prompt,8,7606,1471,5.170632,false
long_prompt,9,7666,1483,5.169252,false
long_prompt,10,7726,1495,5.167893,false
long_prompt,11,7786,1507,5.166556,false
long_prompt,12,7846,1519,5.165240,false
long_prompt,13,7906,1531,5.163945,false
long_prompt,14,7966,1673,4.761506,false
long_prompt,15,8026,1680,4.777381,false
long_prompt,16,8086,1567,5.160179,false
long_prompt,17,8146,1579,5.158961,false
long_prompt,18,8206,1591,5.157762,false
long_prompt,19,8266,1603,5.156581,false
long_prompt,20,8326,1615,5.155418,false
long_prompt,21,8386,1757,4.772908,false
long_prompt,22,8446,1639,5.153142,false
long_prompt,23,8506,1651,5.152029,false
long_prompt,24,8566,1663,5.150932,false
long_prompt,25,8626,1675,5.149851,false
long_prompt,26,8686,1817,4.780407,false
long_prompt,27,8746,1699,5.147734,false
long_prompt,28,8806,1801,4.889506,false
long_prompt,29,8866,1848,4.797619,false
long_prompt,30,8926,1735,5.144669,false
long_prompt,31,8986,1822,4.931943,false
long_prompt,32,9046,1759,5.142695,false
long_prompt,33,9106,1911,4.765044,false
long_prompt,34,9166,1933,4.741852,false
long_prompt,35,9226,1925,4.792727,false
long_prompt,36,9286,1977,4.697016,false
long_prompt,37,9346,1944,4.807613,false
long_prompt,38,9406,1971,4.772197,false
long_prompt,39,9466,1943,4.871848,false
long_prompt,40,9526,1975,4.823291,false
long_prompt,41,9586,1942,4.936148,false
long_prompt,42,9646,2034,4.742380,false
long_prompt,43,9706,2001,4.850575,false
long_prompt,44,9766,2028,4.815582,false
long_prompt,45,9826,1915,5.131070,false
long_prompt,46,9886,1997,4.950426,false
long_prompt,47,9946,2029,4.901922,false
long_prompt,48,10006,2026,4.938796,false
long_prompt,49,10066,2108,4.775142,false
long_prompt,50,10126,2090,4.844976,false
long_prompt,51,10186,2102,4.845861,false
long_prompt,52,10246,2149,4.767799,false
long_prompt,53,10306,2151,4.791260,false
long_prompt,54,10366,2083,4.976476,false
long_prompt,55,10426,2110,4.941232,false
long_prompt,56,10486,2207,4.751246,false
long_prompt,57,10546,2214,4.763324,false
long_prompt,58,10606,2186,4.851784,false
long_prompt,59,10666,2233,4.776534,false
long_prompt,60,10726,2205,4.864399,false
long_prompt,61,10786,2242,4.810883,false
long_prompt,62,10846,2294,4.727986,false
long_prompt,63,10906,2226,4.899371,false
long_prompt,64,10966,2268,4.835097,false
long_prompt,65,11026,2155,5.116473,false
long_prompt,66,11086,2277,4.868687,false
long_prompt,67,11146,2319,4.806382,false
long_prompt,68,11206,2316,4.838515,false
long_prompt,69,11266,2328,4.839347,false
long_prompt,70,11326,2330,4.860944,false
long_prompt,71,11386,2227,5.112708,false
long_prompt,72,11446,2389,4.791126,false
long_prompt,73,11506,2401,4.792170,false
long_prompt,74,11566,2373,4.873999,false
long_prompt,75,11626,2355,4.936730,false
long_prompt,76,11686,2402,4.865112,false
long_prompt,77,11746,2419,4.855726,false
long_prompt,78,11806,2461,4.797237,false
long_prompt,79,11866,2418,4.907361,false
long_prompt,80,11926,2335,5.107495,false
long_prompt,81,11986,2442,4.908272,false
long_prompt,82,12046,2469,4.878898,false
long_prompt,83,12106,2446,4.949305,false
long_prompt,84,12166,2383,5.105329,false
long_prompt,85,12226,2395,5.104802,false
long_prompt,86,12286,2517,4.881208,false
long_prompt,87,12346,2529,4.881771,false
long_prompt,88,12406,2506,4.950519,false
long_prompt,89,12466,2563,4.863831,false
long_prompt,90,12526,2455,5.102240,false
long_prompt,91,12586,2572,4.893468,false
long_prompt,92,12646,2634,4.801063,false
long_prompt,93,12706,2641,4.811056,false
long_prompt,94,12766,2568,4.971184,false
long_prompt,95,12826,2655,4.830885,false
long_prompt,96,12886,2627,4.905215,false
long_prompt,97,12946,2659,4.868748,false
long_prompt,98,13006,2551,5.098393,false
long_prompt,99,13066,2563,5.097932,false
tool_format,0,1205,911,1.322722,false
tool_format,1,1205,1036,1.163127,false
tool_format,2,1205,726,1.659780,false
tool_format,3,1205,576,2.092014,false
tool_format,4,1205,786,1.533079,false
tool_format,5,1205,896,1.344866,false
tool_format,6,1205,1036,1.163127,false
tool_format,7,1205,766,1.573107,false
tool_format,8,1205,556,2.167266,false
tool_format,9,1205,1036,1.163127,false
tool_format,10,1207,591,2.042301,false
tool_format,11,1207,721,1.674064,false
tool_format,12,1207,686,1.759475,false
tool_format,13,1207,461,2.618221,false
tool_format,14,1207,436,2.768349,false
tool_format,15,1207,436,2.768349,false
tool_format,16,1207,656,1.839939,false
tool_format,17,1207,861,1.401858,false
tool_format,18,1207,521,2.316699,false
tool_format,19,1207,821,1.470158,false
tool_format,20,1207,506,2.385375,false
tool_format,21,1207,521,2.316699,false
tool_format,22,1207,381,3.167979,false
tool_format,23,1207,621,1.943639,false
tool_format,24,1207,696,1.734195,false
tool_format,25,1207,556,2.170863,false
tool_format,26,1207,991,1.217962,false
tool_format,27,1207,1036,1.165058,false
tool_format,28,1207,791,1.525917,false
tool_format,29,1207,436,2.768349,false
tool_format,30,1207,751,1.607190,false
tool_format,31,1207,496,2.433468,false
tool_format,32,1207,476,2.535714,false
tool_format,33,1207,661,1.826021,false
tool_format,34,1207,906,1.332230,false
tool_format,35,1207,736,1.639946,false
tool_format,36,1207,851,1.418331,false
tool_format,37,1207,626,1.928115,false
tool_format,38,1207,896,1.347098,false
tool_format,39,1207,561,2.151515,false
tool_format,40,1207,536,2.251866,false
tool_format,41,1207,926,1.303456,false
tool_format,42,1207,551,2.190563,false
tool_format,43,1207,1036,1.165058,false
tool_format,44,1207,796,1.516332,false
tool_format,45,1207,886,1.362302,false
tool_format,46,1207,596,2.025168,false
tool_format,47,1207,481,2.509356,false
tool_format,48,1207,1036,1.165058,false
tool_format,49,1207,596,2.025168,false
tool_format,50,1207,621,1.943639,false
tool_format,51,1207,666,1.812312,false
tool_format,52,1207,636,1.897799,false
tool_format,53,1207,721,1.674064,false
tool_format,54,1207,516,2.339147,false
tool_format,55,1207,521,2.316699,false
tool_format,56,1207,701,1.721826,false
tool_format,57,1207,526,2.294677,false
tool_format,58,1207,511,2.362035,false
tool_format,59,1207,856,1.410047,false
tool_format,60,1207,611,1.975450,false
tool_format,61,1207,411,2.936740,false
tool_format,62,1207,466,2.590129,false
tool_format,63,1207,581,2.077453,false
tool_format,64,1207,546,2.210623,false
tool_format,65,1207,491,2.458248,false
tool_format,66,1207,666,1.812312,false
tool_format,67,1207,456,2.646930,false
tool_format,68,1207,536,2.251866,false
tool_format,69,1207,516,2.339147,false
tool_format,70,1207,581,2.077453,false
tool_format,71,1207,526,2.294677,false
tool_format,72,1207,586,2.059727,false
tool_format,73,1207,656,1.839939,false
tool_format,74,1207,391,3.086957,false
tool_format,75,1207,786,1.535623,false
tool_format,76,1207,811,1.488286,false
tool_format,77,1207,626,1.928115,false
tool_format,78,1207,861,1.401858,false
tool_format,79,1207,596,2.025168,false
tool_format,80,1207,521,2.316699,false
tool_format,81,1207,621,1.943639,false
tool_format,82,1207,446,2.706278,false
tool_format,83,1207,556,2.170863,false
tool_format,84,1207,846,1.426714,false
tool_format,85,1207,726,1.662534,false
tool_format,86,1207,541,2.231054,false
tool_format,87,1207,551,2.190563,false
tool_format,88,1207,771,1.565499,false
tool_format,89,1207,471,2.562633,false
tool_format,90,1207,496,2.433468,false
tool_format,91,1207,561,2.151515,false
tool_format,92,1207,766,1.575718,false
tool_format,93,1207,711,1.697609,false
tool_format,94,1207,521,2.316699,false
tool_format,95,1207,636,1.897799,false
tool_format,96,1207,691,1.746744,false
tool_format,97,1207,551,2.190563,false
tool_format,98,1207,911,1.324918,false
tool_format,99,1207,551,2.190563,false
