session_idx,turn_idx,scenario,reservation_nc,actual_nc,refund_nc,input_tokens,output_tokens,body_bytes,margin_ratio,violated,latency_ms
0,0,trip_planning,2730000,2183000,547000,28,431,170,1.250573,false,5897
0,1,trip_planning,4251000,3030000,1221000,470,512,1691,1.402970,false,5126
0,2,trip_planning,5962000,3558000,2404000,998,512,3402,1.675660,false,5187
0,3,trip_planning,7413000,4085000,3328000,1525,512,4853,1.814688,false,8234
0,4,trip_planning,9309000,4611000,4698000,2051,512,6749,2.018868,false,6122
0,5,trip_planning,10982000,5138000,5844000,2578,512,8422,2.137408,false,6375
0,6,trip_planning,12677000,5667000,7010000,3107,512,10117,2.236986,false,6063
0,7,trip_planning,14366000,6193000,8173000,3633,512,11806,2.319716,false,8896
0,8,trip_planning,16069000,6724000,9345000,4164,512,13509,2.389798,false,6099
0,9,trip_planning,17554000,7254000,10300000,4694,512,14994,2.419906,false,9719
0,10,trip_planning,19409000,6249000,13160000,5224,205,16849,3.105937,false,17136
0,11,trip_planning,20333000,6061000,14272000,5441,124,17773,3.354727,false,3412
1,0,code_debug,2939000,2662000,277000,107,511,379,1.104057,false,4169
1,1,code_debug,4481000,3197000,1284000,637,512,1921,1.401627,false,4380
1,2,code_debug,5674000,3722000,1952000,1162,512,3114,1.524449,false,5780
1,3,code_debug,7428000,4252000,3176000,1692,512,4868,1.746943,false,3558
1,4,code_debug,8492000,4776000,3716000,2216,512,5932,1.778057,false,4234
1,5,code_debug,10056000,5300000,4756000,2740,512,7496,1.897358,false,3850
1,6,code_debug,11838000,5812000,6026000,3267,509,9278,2.036820,false,5606
1,7,code_debug,13619000,6349000,7270000,3789,512,11059,2.145062,false,8534
1,8,code_debug,15496000,6875000,8621000,4315,512,12936,2.253964,false,4767
1,9,code_debug,17320000,7401000,9919000,4841,512,14760,2.340224,false,4637
1,10,code_debug,19209000,7667000,11542000,5367,460,16649,2.505413,false,4983
1,11,code_debug,20965000,7762000,13203000,5837,385,18405,2.700979,false,6258
2,0,rust_learning,2695000,619000,2076000,19,120,135,4.353796,false,2152
2,1,rust_learning,3318000,1532000,1786000,152,276,758,2.165796,false,3255
2,2,rust_learning,4189000,2184000,2005000,444,348,1629,1.918040,false,3538
2,3,rust_learning,5258000,2722000,2536000,802,384,2698,1.931668,false,4895
2,4,rust_learning,6729000,3343000,3386000,1198,429,4169,2.012863,false,4668
2,5,rust_learning,8180000,3891000,4289000,1641,450,5620,2.102287,false,4561
2,6,rust_learning,9683000,4668000,5015000,2108,512,7123,2.074336,false,5191
2,7,rust_learning,11432000,5197000,6235000,2637,512,8872,2.199731,false,11666
2,8,rust_learning,13225000,5725000,7500000,3165,512,10665,2.310044,false,10864
2,9,rust_learning,15012000,6252000,8760000,3692,512,12452,2.401152,false,7181
2,10,rust_learning,16748000,5700000,11048000,4220,296,14188,2.938246,false,10784
2,11,rust_learning,18004000,6468000,11536000,4528,388,15444,2.783550,false,6582
3,0,podcast_brainstorm,2715000,1240000,1475000,25,243,155,2.189516,false,3748
3,1,podcast_brainstorm,3916000,1589000,2327000,279,262,1356,2.464443,false,4178
3,2,podcast_brainstorm,5141000,1855000,3286000,555,260,2581,2.771429,false,4169
3,3,podcast_brainstorm,6374000,1128000,5246000,828,60,3814,5.650709,false,1597
3,4,podcast_brainstorm,6707000,1913000,4794000,903,202,4147,3.506012,false,4193
3,5,podcast_brainstorm,7659000,1949000,5710000,1114,167,5099,3.929708,false,2557
3,6,podcast_brainstorm,8395000,2056000,6339000,1291,153,5835,4.083171,false,6055
3,7,podcast_brainstorm,9173000,2863000,6310000,1458,281,6613,3.203982,false,4204
3,8,podcast_brainstorm,10396000,2880000,7516000,1750,226,7836,3.609722,false,3869
3,9,podcast_brainstorm,11430000,2513000,8917000,1988,105,8870,4.548349,false,3230
3,10,podcast_brainstorm,12015000,3478000,8537000,2103,275,9455,3.454572,false,4898
3,11,podcast_brainstorm,13224000,4083000,9141000,2388,339,10664,3.238795,false,6292
4,0,essay_revision,2714000,1099000,1615000,19,216,154,2.469518,false,4544
4,1,essay_revision,4164000,1535000,2629000,245,258,1604,2.712704,false,3009
4,2,essay_revision,5908000,1251000,4657000,516,147,3348,4.722622,false,2418
4,3,essay_revision,6860000,1482000,5378000,672,162,4300,4.628880,false,1703
4,4,essay_revision,7887000,1786000,6101000,846,188,5327,4.416013,false,2210
4,5,essay_revision,9129000,1975000,7154000,1050,185,6569,4.622278,false,2290
4,6,essay_revision,10357000,2214000,8143000,1244,194,7797,4.677958,false,2052
4,7,essay_revision,11643000,2446000,9197000,1451,199,9083,4.760016,false,5517
4,8,essay_revision,12950000,2598000,10352000,1658,188,10390,4.984604,false,3248
4,9,essay_revision,14179000,2862000,11317000,1857,201,11619,4.954228,false,6346
4,10,essay_revision,15465000,3057000,12408000,2067,198,12905,5.058881,false,5489
4,11,essay_revision,16775000,2433000,14342000,2278,31,14215,6.894780,false,2472
5,0,math_problem,2708000,1047000,1661000,32,203,148,2.586437,false,1887
5,1,math_problem,3231000,2254000,977000,244,402,671,1.433452,false,2915
5,2,math_problem,4289000,2061000,2228000,656,281,1729,2.081029,false,3734
5,3,math_problem,5548000,2648000,2900000,958,338,2988,2.095166,false,3352
5,4,math_problem,6415000,3175000,3240000,1310,373,3855,2.020472,false,4248
5,5,math_problem,7458000,3916000,3542000,1696,444,4898,1.904494,false,3977
5,6,math_problem,8644000,3963000,4681000,2153,362,6084,2.181176,false,3157
5,7,math_problem,9611000,5011000,4600000,2526,497,7051,1.917980,false,5655
5,8,math_problem,11247000,5481000,5766000,3036,489,8687,2.051998,false,4945
5,9,math_problem,12788000,5499000,7289000,3539,392,10228,2.325514,false,4901
5,10,math_problem,13800000,6245000,7555000,3945,460,11240,2.209768,false,7769
5,11,math_problem,15388000,6445000,8943000,4415,406,12828,2.387587,false,16767
6,0,tech_compare,2710000,2575000,135000,15,512,150,1.052427,false,5995
6,1,tech_compare,4780000,3102000,1678000,542,512,2220,1.540941,false,4938
6,2,tech_compare,6650000,3633000,3017000,1073,512,4090,1.830443,false,6375
6,3,tech_compare,8534000,4159000,4375000,1599,512,5974,2.051936,false,4635
6,4,tech_compare,10309000,4681000,5628000,2121,512,7749,2.202307,false,5507
6,5,tech_compare,12326000,5206000,7120000,2646,512,9766,2.367653,false,11819
6,6,tech_compare,14181000,5732000,8449000,3172,512,11621,2.474006,false,6005
6,7,tech_compare,16003000,6255000,9748000,3695,512,13443,2.558433,false,5118
6,8,tech_compare,17877000,6782000,11095000,4222,512,15317,2.635948,false,9711
6,9,tech_compare,19683000,7313000,12370000,4753,512,17123,2.691508,false,5955
6,10,tech_compare,21699000,7840000,13859000,5280,512,19139,2.767730,false,6688
6,11,tech_compare,23445000,8367000,15078000,5807,512,20885,2.802080,false,5347
7,0,recipe_iter,2715000,1252000,1463000,22,246,155,2.168530,false,5271
7,1,recipe_iter,3690000,812000,2878000,277,107,1130,4.544335,false,5392
7,2,recipe_iter,4101000,1613000,2488000,393,244,1541,2.542467,false,5456
7,3,recipe_iter,5024000,1972000,3052000,652,264,2464,2.547667,false,4429
7,4,recipe_iter,6011000,2267000,3744000,927,268,3451,2.651522,false,5807
7,5,recipe_iter,7090000,2809000,4281000,1204,321,4530,2.524030,false,8701
7,6,recipe_iter,8168000,3319000,4849000,1534,357,5608,2.460982,false,5922
7,7,recipe_iter,9343000,3243000,6100000,1903,268,6783,2.880974,false,6152
7,8,recipe_iter,10377000,3529000,6848000,2179,270,7817,2.940493,false,5866
7,9,recipe_iter,11421000,3981000,7440000,2461,304,8861,2.868877,false,5317
7,10,recipe_iter,12455000,4138000,8317000,2773,273,9895,3.009908,false,7046
7,11,recipe_iter,13437000,5141000,8296000,3056,417,10877,2.613694,false,4672
8,0,trip_planning,2730000,2268000,462000,28,448,170,1.203704,false,5943
8,1,trip_planning,4397000,3047000,1350000,487,512,1837,1.443059,false,5508
8,2,trip_planning,6280000,3365000,2915000,1015,470,3720,1.866270,false,9475
8,3,trip_planning,7753000,3877000,3876000,1497,476,5193,1.999742,false,6468
8,4,trip_planning,9744000,4544000,5200000,1984,512,7184,2.144366,false,11487
8,5,trip_planning,11506000,5071000,6435000,2511,512,8946,2.268980,false,10996
8,6,trip_planning,13436000,5600000,7836000,3040,512,10876,2.399286,false,6934
8,7,trip_planning,15516000,6126000,9390000,3566,512,12956,2.532811,false,9377
8,8,trip_planning,17546000,6562000,10984000,4097,493,14986,2.673880,false,8105
8,9,trip_planning,19125000,7165000,11960000,4605,512,16565,2.669225,false,8924
8,10,trip_planning,21071000,6096000,14975000,5136,192,18511,3.456529,false,4740
8,11,trip_planning,21926000,5960000,15966000,5340,124,19366,3.678859,false,3244
9,0,code_debug,2939000,2667000,272000,107,512,379,1.101987,false,4797
9,1,code_debug,4581000,3146000,1435000,641,501,2021,1.456135,false,5910
9,2,code_debug,5950000,3712000,2238000,1152,512,3390,1.602909,false,3867
9,3,code_debug,7648000,4242000,3406000,1682,512,5088,1.802923,false,4230
9,4,code_debug,9040000,4765000,4275000,2205,512,6480,1.897167,false,5574
9,5,code_debug,10611000,5290000,5321000,2730,512,8051,2.005860,false,6717
9,6,code_debug,12388000,5817000,6571000,3257,512,9828,2.129620,false,7832
9,7,code_debug,14218000,6345000,7873000,3785,512,11658,2.240820,false,3907
9,8,code_debug,16012000,6871000,9141000,4311,512,13452,2.330374,false,4790
9,9,code_debug,17599000,7397000,10202000,4837,512,15039,2.379208,false,7884
9,10,code_debug,19318000,7923000,11395000,5363,512,16758,2.438218,false,4857
9,11,code_debug,21045000,8154000,12891000,5889,453,18485,2.580942,false,6208
10,0,rust_learning,2695000,694000,2001000,19,135,135,3.883285,false,2727
10,1,rust_learning,3369000,1572000,1797000,167,281,809,2.143130,false,3692
10,2,rust_learning,4239000,2349000,1890000,464,377,1679,1.804598,false,3733
10,3,rust_learning,5536000,3046000,2490000,851,439,2976,1.817466,false,5599
10,4,rust_learning,7204000,3282000,3922000,1302,396,4644,2.195003,false,3399
10,5,rust_learning,8464000,4192000,4272000,1712,496,5904,2.019084,false,5820
10,6,rust_learning,10082000,4670000,5412000,2225,489,7522,2.158887,false,10096
10,7,rust_learning,11642000,5288000,6354000,2728,512,9082,2.201589,false,5449
10,8,rust_learning,13457000,5816000,7641000,3256,512,10897,2.313790,false,5029
10,9,rust_learning,15194000,6343000,8851000,3783,512,12634,2.395397,false,4880
10,10,rust_learning,17001000,6766000,10235000,4311,491,14441,2.512711,false,5381
10,11,rust_learning,18678000,7374000,11304000,4814,512,16118,2.532954,false,5683
11,0,podcast_brainstorm,2715000,1255000,1460000,25,246,155,2.163347,false,3365
11,1,podcast_brainstorm,3835000,1612000,2223000,282,266,1275,2.379032,false,5175
11,2,podcast_brainstorm,5082000,1982000,3100000,562,284,2522,2.564077,false,5994
11,3,podcast_brainstorm,6455000,1124000,5331000,859,53,3895,5.742883,false,1975
11,4,podcast_brainstorm,6765000,1902000,4863000,927,195,4205,3.556782,false,4599
11,5,podcast_brainstorm,7729000,1996000,5733000,1131,173,5169,3.872244,false,3148
11,6,podcast_brainstorm,8538000,2169000,6369000,1314,171,5978,3.936376,false,3950
11,7,podcast_brainstorm,9396000,3014000,6382000,1499,303,6836,3.117452,false,5192
11,8,podcast_brainstorm,10647000,3138000,7509000,1813,265,8087,3.392925,false,6580
11,9,podcast_brainstorm,11879000,2405000,9474000,2090,63,9319,4.939293,false,2868
11,10,podcast_brainstorm,12288000,3798000,8490000,2163,327,9728,3.235387,false,8004
11,11,podcast_brainstorm,13722000,4075000,9647000,2500,315,11162,3.367362,false,6143
12,0,essay_revision,2714000,1039000,1675000,19,204,154,2.612127,false,4225
12,1,essay_revision,4018000,1483000,2535000,233,250,1458,2.709373,false,3221
12,2,essay_revision,5665000,1251000,4414000,496,151,3105,4.528377,false,2109
12,3,essay_revision,6658000,1551000,5107000,656,179,4098,4.292714,false,3502
12,4,essay_revision,7791000,1857000,5934000,847,202,5231,4.195477,false,2877
12,5,essay_revision,9097000,1990000,7107000,1065,185,6537,4.571357,false,3530
12,6,essay_revision,10331000,2204000,8127000,1259,189,7771,4.687387,false,2671
12,7,essay_revision,11587000,2481000,9106000,1461,204,9027,4.670294,false,2240
12,8,essay_revision,12911000,2643000,10268000,1673,194,10351,4.884979,false,3196
12,9,essay_revision,14178000,2928000,11250000,1878,210,11618,4.842213,false,3285
12,10,essay_revision,15502000,3177000,12325000,2097,216,12942,4.879446,false,3995
12,11,essay_revision,16880000,2536000,14344000,2326,42,14320,6.656151,false,2598
13,0,math_problem,2708000,1207000,1501000,32,235,148,2.243579,false,2898
13,1,math_problem,3344000,2596000,748000,276,464,784,1.288136,false,3422
13,2,math_problem,4509000,2340000,2169000,750,318,1949,1.926923,false,3401
13,3,math_problem,5723000,2699000,3024000,1089,322,3163,2.120415,false,2428
13,4,math_problem,6498000,3300000,3198000,1425,375,3938,1.969091,false,4434
13,5,math_problem,7624000,3993000,3631000,1813,436,5064,1.909341,false,3592
13,6,math_problem,8812000,4122000,4690000,2262,372,6252,2.137797,false,3685
13,7,math_problem,9830000,5145000,4685000,2645,500,7270,1.910593,false,5652
13,8,math_problem,11327000,5718000,5609000,3158,512,8767,1.980937,false,8114
13,9,math_problem,12827000,6102000,6725000,3687,483,10267,2.102098,false,4199
13,10,math_problem,14002000,6714000,7288000,4184,506,11442,2.085493,false,11828
13,11,math_problem,15626000,6590000,9036000,4700,378,13066,2.371168,false,15591
14,0,tech_compare,2710000,2575000,135000,15,512,150,1.052427,false,5439
14,1,tech_compare,4944000,3102000,1842000,542,512,2384,1.593810,false,4632
14,2,tech_compare,6769000,3632000,3137000,1072,512,4209,1.863711,false,5694
14,3,tech_compare,8585000,4158000,4427000,1598,512,6025,2.064695,false,5208
14,4,tech_compare,10419000,4680000,5739000,2120,512,7859,2.226282,false,7291
14,5,tech_compare,12085000,5206000,6879000,2646,512,9525,2.321360,false,4762
14,6,tech_compare,13830000,5731000,8099000,3171,512,11270,2.413191,false,6359
14,7,tech_compare,15673000,6254000,9419000,3694,512,13113,2.506076,false,9785
14,8,tech_compare,17724000,6781000,10943000,4221,512,15164,2.613774,false,8169
14,9,tech_compare,19521000,7312000,12209000,4752,512,16961,2.669721,false,10731
14,10,tech_compare,21356000,7839000,13517000,5279,512,18796,2.724327,false,5147
14,11,tech_compare,23385000,8365000,15020000,5805,512,20825,2.795577,false,5878
15,0,recipe_iter,2715000,1317000,1398000,22,259,155,2.061503,false,3966
15,1,recipe_iter,3726000,1105000,2621000,290,163,1166,3.371946,false,4331
15,2,recipe_iter,4328000,1887000,2441000,462,285,1768,2.293588,false,4826
15,3,recipe_iter,5404000,1987000,3417000,762,245,2844,2.719678,false,5782
15,4,recipe_iter,6263000,2343000,3920000,1018,265,3703,2.673069,false,4766
15,5,recipe_iter,7347000,2942000,4405000,1292,330,4787,2.497281,false,4043
15,6,recipe_iter,8488000,3166000,5322000,1631,307,5928,2.680985,false,3595
15,7,recipe_iter,9540000,3250000,6290000,1950,260,6980,2.935385,false,3730
15,8,recipe_iter,10517000,3478000,7039000,2218,252,7957,3.023864,false,3605
15,9,recipe_iter,11422000,3962000,7460000,2482,296,8862,2.882887,false,4331
15,10,recipe_iter,12412000,4146000,8266000,2786,272,9852,2.993729,false,5933
15,11,recipe_iter,13347000,5108000,8239000,3068,408,10787,2.612960,false,8215
16,0,trip_planning,2730000,2153000,577000,28,425,170,1.267998,false,4252
16,1,trip_planning,4332000,3024000,1308000,464,512,1772,1.432540,false,4384
16,2,trip_planning,6222000,3552000,2670000,992,512,3662,1.751689,false,8452
16,3,trip_planning,7970000,4079000,3891000,1519,512,5410,1.953910,false,6343
16,4,trip_planning,10259000,4605000,5654000,2045,512,7699,2.227796,false,8074
16,5,trip_planning,12053000,5132000,6921000,2572,512,9493,2.348597,false,6193
16,6,trip_planning,13975000,5661000,8314000,3101,512,11415,2.468645,false,6913
16,7,trip_planning,16101000,6187000,9914000,3627,512,13541,2.602392,false,8196
16,8,trip_planning,18107000,6717000,11390000,4157,512,15547,2.695697,false,9158
16,9,trip_planning,19807000,7247000,12560000,4687,512,17247,2.733131,false,9027
16,10,trip_planning,21821000,6179000,15642000,5219,192,19261,3.531478,false,3513
16,11,trip_planning,22639000,5973000,16666000,5423,110,20079,3.790223,false,2954
17,0,code_debug,2939000,2577000,362000,107,494,379,1.140473,false,4671
17,1,code_debug,4489000,2915000,1574000,620,459,1929,1.539966,false,4386
17,2,code_debug,6047000,3649000,2398000,1089,512,3487,1.657166,false,3754
17,3,code_debug,7848000,4179000,3669000,1619,512,5288,1.877961,false,3575
17,4,code_debug,8999000,4703000,4296000,2143,512,6439,1.913459,false,4286
17,5,code_debug,10677000,5228000,5449000,2668,512,8117,2.042272,false,4499
17,6,code_debug,12536000,5360000,7176000,3195,433,9976,2.338806,false,6215
17,7,code_debug,14110000,6201000,7909000,3641,512,11550,2.275439,false,3989
17,8,code_debug,15880000,6727000,9153000,4167,512,13320,2.360636,false,4403
17,9,code_debug,17559000,7253000,10306000,4693,512,14999,2.420929,false,4977
17,10,code_debug,19434000,7399000,12035000,5219,436,16874,2.626571,false,3919
17,11,code_debug,21131000,7635000,13496000,5665,394,18571,2.767649,false,5182
18,0,rust_learning,2695000,724000,1971000,19,141,135,3.722376,false,2397
18,1,rust_learning,3389000,1553000,1836000,173,276,829,2.182228,false,3186
18,2,rust_learning,4322000,2025000,2297000,465,312,1762,2.134321,false,3010
18,3,rust_learning,5363000,3032000,2331000,787,449,2803,1.768799,false,4482
18,4,rust_learning,6960000,3463000,3497000,1248,443,4400,2.009818,false,3843
18,5,rust_learning,8391000,3850000,4541000,1705,429,5831,2.179481,false,9343
18,6,rust_learning,9809000,4391000,5418000,2151,448,7249,2.233887,false,4752
18,7,rust_learning,11305000,5173000,6132000,2613,512,8745,2.185386,false,4810
18,8,rust_learning,12990000,5701000,7289000,3141,512,10430,2.278548,false,6199
18,9,rust_learning,14831000,6228000,8603000,3668,512,12271,2.381342,false,5533
18,10,rust_learning,16464000,6426000,10038000,4196,446,13904,2.562092,false,5737
18,11,rust_learning,18011000,6969000,11042000,4654,463,15451,2.584445,false,5735
19,0,podcast_brainstorm,2715000,1260000,1455000,25,247,155,2.154762,false,4110
19,1,podcast_brainstorm,3934000,1683000,2251000,283,280,1374,2.337493,false,4084
19,2,podcast_brainstorm,5272000,2017000,3255000,577,288,2712,2.613783,false,4380
19,3,podcast_brainstorm,6699000,1153000,5546000,878,55,4139,5.810061,false,1433
19,4,podcast_brainstorm,7019000,1963000,5056000,948,203,4459,3.575650,false,3437
19,5,podcast_brainstorm,7930000,2065000,5865000,1160,181,5370,3.840194,false,2357
19,6,podcast_brainstorm,8740000,2011000,6729000,1351,132,6180,4.346096,false,2783
19,7,podcast_brainstorm,9411000,3027000,6384000,1497,306,6851,3.109019,false,7050
19,8,podcast_brainstorm,10741000,3249000,7492000,1814,287,8181,3.305940,false,4931
19,9,podcast_brainstorm,11990000,2483000,9507000,2113,74,9430,4.828836,false,3036
19,10,podcast_brainstorm,12490000,3817000,8673000,2197,324,9930,3.272203,false,5165
19,11,podcast_brainstorm,13797000,3986000,9811000,2531,291,11237,3.461365,false,5101
20,0,essay_revision,2714000,1024000,1690000,19,201,154,2.650391,false,3687
20,1,essay_revision,4025000,1560000,2465000,230,266,1465,2.580128,false,4876
20,2,essay_revision,5764000,1314000,4450000,509,161,3204,4.386606,false,1926
20,3,essay_revision,6805000,1514000,5291000,679,167,4245,4.494716,false,2486
20,4,essay_revision,7866000,1828000,6038000,858,194,5306,4.303063,false,2974
20,5,essay_revision,9086000,1953000,7133000,1068,177,6526,4.652330,false,2331
20,7,essay_revision,10303000,2215000,8088000,1265,190,7743,4.651467,false,2130
20,8,essay_revision,11525000,2348000,9177000,1463,177,8965,4.908433,false,1629
20,9,essay_revision,12671000,2636000,10035000,1651,197,10111,4.806904,false,3616
20,10,essay_revision,13938000,2862000,11076000,1857,201,11378,4.870021,false,2662
20,11,essay_revision,15255000,2241000,13014000,2071,34,12695,6.807229,false,1669
21,0,math_problem,2708000,1037000,1671000,32,201,148,2.611379,false,2101
21,1,math_problem,3258000,2332000,926000,242,418,698,1.397084,false,3453
21,3,math_problem,4415000,2959000,1456000,689,454,1855,1.492058,false,3649
21,5,math_problem,5732000,3708000,2024000,1168,508,3172,1.545847,false,4086
21,6,math_problem,7017000,3394000,3623000,1689,341,4457,2.067472,false,4462
21,7,math_problem,7937000,4601000,3336000,2041,512,5377,1.725060,false,5794
21,8,math_problem,9397000,5129000,4268000,2569,512,6837,1.832131,false,7016
21,10,math_problem,10863000,5551000,5312000,3111,488,8303,1.956945,false,7982
21,11,math_problem,12500000,5509000,6991000,3609,380,9940,2.269014,false,4216
22,3,tech_compare,2915000,2608000,307000,48,512,355,1.117715,false,5093
22,5,tech_compare,4812000,3138000,1674000,578,512,2252,1.533461,false,6071
22,6,tech_compare,6715000,3664000,3051000,1104,512,4155,1.832697,false,4984
22,7,tech_compare,8479000,4187000,4292000,1627,512,5919,2.025078,false,6795
22,8,tech_compare,10226000,4714000,5512000,2154,512,7666,2.169283,false,5711
22,9,tech_compare,12197000,5245000,6952000,2685,512,9637,2.325453,false,4837
22,10,tech_compare,14083000,5772000,8311000,3212,512,11523,2.439882,false,4039
22,11,tech_compare,15953000,6299000,9654000,3739,512,13393,2.532624,false,5508
23,0,recipe_iter,2715000,1142000,1573000,22,224,155,2.377408,false,3705
23,1,recipe_iter,3623000,720000,2903000,255,93,1063,5.031944,false,2047
23,2,recipe_iter,4043000,1727000,2316000,357,274,1483,2.341054,false,4773
23,3,recipe_iter,5149000,1971000,3178000,646,265,2589,2.612380,false,3978
23,4,recipe_iter,6128000,2247000,3881000,922,265,3568,2.727192,false,3893
23,5,recipe_iter,7231000,2751000,4480000,1196,311,4671,2.628499,false,4103
23,6,recipe_iter,8351000,3056000,5295000,1516,308,5791,2.732657,false,3267
23,7,recipe_iter,9513000,3231000,6282000,1836,279,6953,2.944290,false,5192
23,8,recipe_iter,10566000,3558000,7008000,2123,287,8006,2.969646,false,4021
23,9,recipe_iter,11639000,3972000,7667000,2422,310,9079,2.930262,false,3888
23,10,recipe_iter,12670000,4195000,8475000,2740,291,10110,3.020262,false,3855
23,11,recipe_iter,13661000,4996000,8665000,3041,391,11101,2.734388,false,4283
24,0,trip_planning,2730000,2023000,707000,28,399,170,1.349481,false,5116
24,1,trip_planning,4195000,2998000,1197000,438,512,1635,1.399266,false,5494
24,2,trip_planning,6023000,3431000,2592000,966,493,3463,1.755465,false,5653
24,3,trip_planning,7594000,4031000,3563000,1471,512,5034,1.883900,false,6047
24,4,trip_planning,9531000,4557000,4974000,1997,512,6971,2.091508,false,5810
24,5,trip_planning,11128000,5084000,6044000,2524,512,8568,2.188828,false,5755
24,6,trip_planning,13016000,5613000,7403000,3053,512,10456,2.318903,false,6664
24,7,trip_planning,15139000,6139000,9000000,3579,512,12579,2.466037,false,6106
24,8,trip_planning,16896000,6670000,10226000,4110,512,14336,2.533133,false,5516
24,9,trip_planning,18374000,7199000,11175000,4639,512,15814,2.552299,false,9011
24,10,trip_planning,20164000,6215000,13949000,5170,209,17604,3.244409,false,3321
24,11,trip_planning,20985000,6101000,14884000,5391,142,18425,3.439600,false,3288
25,0,code_debug,2939000,2132000,807000,107,405,379,1.378518,false,4118
25,1,code_debug,4396000,3091000,1305000,531,512,1836,1.422193,false,3575
25,2,code_debug,6066000,3306000,2760000,1056,450,3506,1.834846,false,3500
25,3,code_debug,7763000,4081000,3682000,1521,512,5203,1.902230,false,4477
25,4,code_debug,9059000,3740000,5319000,2045,339,6499,2.422193,false,4105
25,5,code_debug,10197000,4954000,5243000,2394,512,7637,2.058337,false,4736
25,6,code_debug,12123000,5316000,6807000,2921,479,9563,2.280474,false,8595
25,7,code_debug,13759000,5973000,7786000,3413,512,11199,2.303533,false,5429
25,8,code_debug,15692000,6499000,9193000,3939,512,13132,2.414525,false,3551
25,9,code_debug,17490000,7025000,10465000,4465,512,14930,2.489680,false,4750
25,10,code_debug,19358000,7091000,12267000,4991,420,16798,2.729939,false,7911
25,11,code_debug,20947000,7861000,13086000,5421,488,18387,2.664674,false,5077
26,0,rust_learning,2695000,624000,2071000,19,121,135,4.318910,false,3749
26,1,rust_learning,3289000,1428000,1861000,153,255,729,2.303221,false,3062
26,2,rust_learning,4095000,1999000,2096000,424,315,1535,2.048524,false,4673
26,3,rust_learning,5211000,2914000,2297000,749,433,2651,1.788264,false,4844
26,4,rust_learning,6700000,3234000,3466000,1194,408,4140,2.071738,false,4399
26,5,rust_learning,7936000,3846000,4090000,1616,446,5376,2.063443,false,4336
26,6,rust_learning,9362000,4379000,4983000,2079,460,6802,2.137931,false,4292
26,7,rust_learning,10840000,5113000,5727000,2553,512,8280,2.120086,false,5870
26,8,rust_learning,12469000,5641000,6828000,3081,512,9909,2.210424,false,5552
26,9,rust_learning,14208000,6168000,8040000,3608,512,11648,2.303502,false,4225
26,10,rust_learning,15733000,6556000,9177000,4136,484,13173,2.399786,false,6008
26,11,rust_learning,17349000,7067000,10282000,4632,487,14789,2.454931,false,4736
27,0,podcast_brainstorm,2715000,1395000,1320000,25,274,155,1.946237,false,3852
27,1,podcast_brainstorm,3999000,1680000,2319000,310,274,1439,2.380357,false,4540
27,2,podcast_brainstorm,5372000,1963000,3409000,598,273,2812,2.736628,false,4143
27,3,podcast_brainstorm,6772000,1194000,5578000,884,62,4212,5.671692,false,1547
27,4,podcast_brainstorm,7133000,2036000,5097000,961,215,4573,3.503438,false,6906
27,5,podcast_brainstorm,8100000,1965000,6135000,1185,156,5540,4.122137,false,2178
27,6,podcast_brainstorm,8807000,2016000,6791000,1351,133,6247,4.368552,false,3428
27,7,podcast_brainstorm,9469000,2933000,6536000,1498,287,6909,3.228435,false,5054
27,8,podcast_brainstorm,10743000,3196000,7547000,1796,280,8183,3.361389,false,9515
27,9,podcast_brainstorm,12021000,2383000,9638000,2088,59,9461,5.044482,false,1908
27,10,podcast_brainstorm,12407000,3882000,8525000,2157,345,9847,3.196033,false,6211
27,11,podcast_brainstorm,13836000,4257000,9579000,2512,349,11276,3.250176,false,5099
28,0,essay_revision,2714000,1014000,1700000,19,199,154,2.676529,false,2888
28,1,essay_revision,4027000,1373000,2654000,228,229,1467,2.932993,false,3276
28,2,essay_revision,5568000,1165000,4403000,470,139,3008,4.779399,false,2252
28,3,essay_revision,6522000,1453000,5069000,618,167,3962,4.488644,false,2192
28,4,essay_revision,7616000,1777000,5839000,797,196,5056,4.285875,false,4059
28,5,essay_revision,8892000,1919000,6973000,1009,182,6332,4.633663,false,2761
28,6,essay_revision,10094000,2125000,7969000,1200,185,7534,4.750118,false,1840
28,7,essay_revision,11324000,2383000,8941000,1398,197,8764,4.751993,false,2762
28,8,essay_revision,12605000,2538000,10067000,1603,187,10045,4.966509,false,2224
28,9,essay_revision,13816000,2826000,10990000,1801,205,11256,4.888889,false,3205
28,10,essay_revision,15101000,3075000,12026000,2015,212,12541,4.910894,false,2160
28,11,essay_revision,16449000,2415000,14034000,2240,35,13889,6.811180,false,1452
29,0,math_problem,2708000,1192000,1516000,32,232,148,2.271812,false,2307
29,1,math_problem,3305000,2548000,757000,273,455,745,1.297096,false,3701
29,2,math_problem,4462000,2223000,2239000,738,297,1902,2.007197,false,3270
29,3,math_problem,5813000,3281000,2532000,1056,445,3253,1.771716,false,2502
29,4,math_problem,6938000,3215000,3723000,1515,340,4378,2.158009,false,3422
29,5,math_problem,7922000,3838000,4084000,1868,394,5362,2.064096,false,3032
29,6,math_problem,9016000,4110000,4906000,2275,367,6456,2.193674,false,3203
29,7,math_problem,9971000,4698000,5273000,2653,409,7411,2.122393,false,5536
29,8,math_problem,11417000,5515000,5902000,3075,488,8857,2.070172,false,4136
29,9,math_problem,12814000,5637000,7177000,3577,412,10254,2.273195,false,4254
29,10,math_problem,13862000,5918000,7944000,4003,383,11302,2.342345,false,4917
29,11,math_problem,15528000,6381000,9147000,4396,397,12968,2.433474,false,5119
30,0,tech_compare,2710000,2575000,135000,15,512,150,1.052427,false,6347
30,1,tech_compare,4851000,3102000,1749000,542,512,2291,1.563830,false,5529
30,2,tech_compare,6660000,3633000,3027000,1073,512,4100,1.833196,false,5120
30,3,tech_compare,8524000,4159000,4365000,1599,512,5964,2.049531,false,5850
30,4,tech_compare,10181000,4681000,5500000,2121,512,7621,2.174963,false,4433
30,5,tech_compare,11958000,5207000,6751000,2647,512,9398,2.296524,false,5062
30,6,tech_compare,13917000,5733000,8184000,3173,512,11357,2.427525,false,5109
30,7,tech_compare,15792000,6256000,9536000,3696,512,13232,2.524297,false,4814
30,8,tech_compare,17532000,6781000,10751000,4221,512,14972,2.585459,false,4607
30,9,tech_compare,19291000,7312000,11979000,4752,512,16731,2.638266,false,5120
30,10,tech_compare,21211000,7839000,13372000,5279,512,18651,2.705830,false,4721
30,11,tech_compare,23060000,8366000,14694000,5806,512,20500,2.756395,false,5717
31,0,recipe_iter,2715000,1137000,1578000,22,223,155,2.387863,false,3077
31,1,recipe_iter,3577000,1004000,2573000,254,150,1017,3.562749,false,3277
31,2,recipe_iter,4148000,1618000,2530000,413,241,1588,2.563659,false,4713
31,3,recipe_iter,5130000,1969000,3161000,669,260,2570,2.605383,false,3567
31,4,recipe_iter,6075000,2320000,3755000,940,276,3515,2.618534,false,4189
31,5,recipe_iter,7148000,2730000,4418000,1225,301,4588,2.618315,false,4914
31,6,recipe_iter,8234000,2975000,5259000,1535,288,5674,2.767731,false,3770
31,7,recipe_iter,9279000,3225000,6054000,1835,278,6719,2.877209,false,4422
31,8,recipe_iter,10367000,3646000,6721000,2121,305,7807,2.843390,false,4300
31,9,recipe_iter,11532000,4008000,7524000,2438,314,8972,2.877246,false,4302
31,10,recipe_iter,12609000,4200000,8409000,2760,288,10049,3.002143,false,4118
31,11,recipe_iter,13617000,4988000,8629000,3058,386,11057,2.729952,false,5364
32,0,trip_planning,2730000,2278000,452000,28,450,170,1.198420,false,4395
32,1,trip_planning,4424000,3049000,1375000,489,512,1864,1.450968,false,3857
32,2,trip_planning,6247000,3576000,2671000,1016,512,3687,1.746924,false,4915
32,3,trip_planning,7775000,4103000,3672000,1543,512,5215,1.894955,false,6747
32,4,trip_planning,10096000,4629000,5467000,2069,512,7536,2.181033,false,6768
32,5,trip_planning,11729000,5155000,6574000,2595,512,9169,2.275267,false,6068
32,6,trip_planning,13670000,5684000,7986000,3124,512,11110,2.404996,false,6632
32,7,trip_planning,15853000,6209000,9644000,3649,512,13293,2.553229,false,7991
32,8,trip_planning,17832000,6740000,11092000,4180,512,15272,2.645697,false,5797
32,9,trip_planning,19263000,7269000,11994000,4709,512,16703,2.650021,false,8544
32,10,trip_planning,21286000,6301000,14985000,5241,212,18726,3.378194,false,4095
32,11,trip_planning,22218000,6245000,15973000,5465,156,19658,3.557726,false,3885
33,0,code_debug,2939000,2667000,272000,107,512,379,1.101987,false,4838
33,1,code_debug,4694000,3201000,1493000,641,512,2134,1.466417,false,4780
33,2,code_debug,5827000,2776000,3051000,1166,322,3267,2.099063,false,3687
33,3,code_debug,7012000,4063000,2949000,1503,512,4452,1.725818,false,4095
33,4,code_debug,8223000,4586000,3637000,2026,512,5663,1.793066,false,3754
33,5,code_debug,9850000,5111000,4739000,2551,512,7290,1.927216,false,3606
33,6,code_debug,11465000,5638000,5827000,3078,512,8905,2.033523,false,5679
33,7,code_debug,13416000,6166000,7250000,3606,512,10856,2.175803,false,4668
33,8,code_debug,15173000,6692000,8481000,4132,512,12613,2.267334,false,3784
33,9,code_debug,16905000,7219000,9686000,4659,512,14345,2.341737,false,4126
33,10,code_debug,18757000,7380000,11377000,5185,439,16197,2.541599,false,3862
33,11,code_debug,20408000,7499000,12909000,5634,373,17848,2.721430,false,4384
34,0,rust_learning,2695000,689000,2006000,19,134,135,3.911466,false,2461
34,1,rust_learning,3370000,1231000,2139000,166,213,810,2.737612,false,2862
34,2,rust_learning,4154000,2145000,2009000,395,350,1594,1.936597,false,4081
34,3,rust_learning,5304000,2880000,2424000,755,425,2744,1.841667,false,8304
34,4,rust_learning,6767000,3072000,3695000,1192,376,4207,2.202799,false,3487
34,5,rust_learning,7982000,3637000,4345000,1582,411,5422,2.194666,false,7025
34,6,rust_learning,9414000,4235000,5179000,2010,445,6854,2.222904,false,5944
34,7,rust_learning,10929000,5029000,5900000,2469,512,8369,2.173195,false,4757
34,8,rust_learning,12588000,5557000,7031000,2997,512,10028,2.265251,false,5098
34,9,rust_learning,14385000,6084000,8301000,3524,512,11825,2.364398,false,4705
34,10,rust_learning,16114000,6597000,9517000,4052,509,13554,2.442625,false,5386
34,11,rust_learning,17825000,6653000,11172000,4573,416,15265,2.679242,false,6310
35,0,podcast_brainstorm,2715000,1275000,1440000,25,250,155,2.129412,false,3454
35,1,podcast_brainstorm,3970000,1601000,2369000,286,263,1410,2.479700,false,4094
35,2,podcast_brainstorm,5184000,1963000,3221000,563,280,2624,2.640856,false,4451
35,3,podcast_brainstorm,6516000,1156000,5360000,856,60,3956,5.636678,false,2024
35,4,podcast_brainstorm,6842000,1766000,5076000,931,167,4282,3.874292,false,3761
35,5,podcast_brainstorm,7622000,1762000,5860000,1107,131,5062,4.325766,false,2047
35,6,podcast_brainstorm,8230000,2418000,5812000,1248,234,5670,3.403639,false,4157
35,7,podcast_brainstorm,9370000,3021000,6349000,1496,305,6810,3.101622,false,4650
35,8,podcast_brainstorm,10639000,3232000,7407000,1812,284,8079,3.291770,false,5531
35,9,podcast_brainstorm,11964000,2468000,9496000,2108,72,9404,4.847650,false,3073
35,10,podcast_brainstorm,12412000,3830000,8582000,2190,328,9852,3.240731,false,5529
35,11,podcast_brainstorm,13805000,4038000,9767000,2528,302,11245,3.418772,false,4840
36,0,essay_revision,2714000,1079000,1635000,19,212,154,2.515292,false,3237
36,1,essay_revision,4045000,1536000,2509000,241,259,1485,2.633464,false,3353
36,2,essay_revision,5764000,1228000,4536000,513,143,3204,4.693811,false,1861
36,3,essay_revision,6774000,1490000,5284000,665,165,4214,4.546309,false,2595
36,4,essay_revision,7900000,1817000,6083000,842,195,5340,4.347826,false,2593
36,5,essay_revision,9180000,1993000,7187000,1053,188,6620,4.606121,false,3348
36,6,essay_revision,10416000,2250000,8166000,1250,200,7856,4.629333,false,2867
36,7,essay_revision,11719000,2503000,9216000,1463,208,9159,4.681982,false,2457
36,8,essay_revision,13046000,2689000,10357000,1679,202,10486,4.851618,false,1828
36,9,essay_revision,14342000,2992000,11350000,1892,220,11782,4.793449,false,2678
36,10,essay_revision,15712000,3261000,12451000,2121,228,13152,4.818154,false,2879
36,11,essay_revision,17138000,2512000,14626000,2362,30,14578,6.822452,false,2034
37,0,math_problem,2708000,1007000,1701000,32,195,148,2.689176,false,2458
37,1,math_problem,3224000,2301000,923000,236,413,664,1.401130,false,5650
37,2,math_problem,4319000,2184000,2135000,659,305,1759,1.977564,false,3772
37,3,math_problem,5567000,3085000,2482000,985,420,3007,1.804538,false,3487
37,4,math_problem,6614000,3204000,3410000,1419,357,4054,2.064295,false,3295
37,5,math_problem,7643000,4224000,3419000,1789,487,5083,1.809422,false,3515
37,6,math_problem,8918000,4079000,4839000,2289,358,6358,2.186320,false,4428
37,7,math_problem,10032000,4918000,5114000,2658,452,7472,2.039854,false,5120
37,8,math_problem,11493000,5508000,5985000,3123,477,8933,2.086601,false,6558
37,9,math_problem,13141000,5879000,7262000,3614,453,10581,2.235244,false,3742
37,10,math_problem,14312000,6111000,8201000,4081,406,11752,2.342006,false,4957
37,11,math_problem,15573000,6632000,8941000,4497,427,13013,2.348160,false,4890
38,0,tech_compare,2710000,2575000,135000,15,512,150,1.052427,false,5543
38,1,tech_compare,4902000,3102000,1800000,542,512,2342,1.580271,false,6996
38,2,tech_compare,6758000,3632000,3126000,1072,512,4198,1.860683,false,4505
38,3,tech_compare,8454000,4158000,4296000,1598,512,5894,2.033189,false,3891
38,4,tech_compare,10042000,4680000,5362000,2120,512,7482,2.145726,false,5326
38,5,tech_compare,11691000,5206000,6485000,2646,512,9131,2.245678,false,4415
38,6,tech_compare,13606000,5732000,7874000,3172,512,11046,2.373692,false,4364
38,7,tech_compare,15380000,6255000,9125000,3695,512,12820,2.458833,false,4915
38,8,tech_compare,17128000,6781000,10347000,4221,512,14568,2.525881,false,5042
38,9,tech_compare,18795000,7312000,11483000,4752,512,16235,2.570432,false,7657
38,10,tech_compare,20758000,7839000,12919000,5279,512,18198,2.648042,false,4784
38,11,tech_compare,22596000,8365000,14231000,5805,512,20036,2.701255,false,8102
39,0,recipe_iter,2715000,1087000,1628000,22,213,155,2.497700,false,2867
39,1,recipe_iter,3545000,699000,2846000,244,91,985,5.071531,false,1915
39,2,recipe_iter,3948000,1594000,2354000,344,250,1388,2.476788,false,6417
39,3,recipe_iter,4904000,1869000,3035000,609,252,2344,2.623863,false,3293
39,4,recipe_iter,5769000,2052000,3717000,872,236,3209,2.811404,false,3375
39,5,recipe_iter,6758000,2622000,4136000,1117,301,4198,2.577422,false,3998
39,6,recipe_iter,7788000,2747000,5041000,1427,264,5228,2.835093,false,3222
39,7,recipe_iter,8857000,3113000,5744000,1703,282,6297,2.845165,false,3912
39,8,recipe_iter,9908000,3498000,6410000,1993,301,7348,2.832476,false,3400
39,9,recipe_iter,11025000,3701000,7324000,2306,279,8465,2.978925,false,4272
39,10,recipe_iter,12032000,3848000,8184000,2593,251,9472,3.126819,false,3182
39,11,recipe_iter,12911000,4489000,8422000,2854,327,10351,2.876142,false,3471
40,0,trip_planning,2730000,2428000,302000,28,480,170,1.124382,false,5116
40,1,trip_planning,4655000,3079000,1576000,519,512,2095,1.511854,false,4916
40,2,trip_planning,6461000,3607000,2854000,1047,512,3901,1.791239,false,5706
40,3,trip_planning,8248000,4134000,4114000,1574,512,5688,1.995162,false,6123
40,4,trip_planning,10350000,4659000,5691000,2099,512,7790,2.221507,false,6497
40,5,trip_planning,12159000,5186000,6973000,2626,512,9599,2.344582,false,6144
40,6,trip_planning,13985000,5715000,8270000,3155,512,11425,2.447069,false,6759
40,7,trip_planning,16097000,6241000,9856000,3681,512,13537,2.579234,false,6585
40,8,trip_planning,18137000,6772000,11365000,4212,512,15577,2.678234,false,8926
40,9,trip_planning,19668000,7302000,12366000,4742,512,17108,2.693509,false,6939
40,10,trip_planning,21600000,6313000,15287000,5273,208,19040,3.421511,false,3302
40,11,trip_planning,22472000,5988000,16484000,5493,99,19912,3.752839,false,2841
41,0,code_debug,2939000,2667000,272000,107,512,379,1.101987,false,7170
41,1,code_debug,4690000,3200000,1490000,640,512,2130,1.465625,false,4318
41,2,code_debug,6124000,3725000,2399000,1165,512,3564,1.644027,false,5716
41,3,code_debug,7816000,4255000,3561000,1695,512,5256,1.836898,false,3687
41,4,code_debug,8886000,4779000,4107000,2219,512,6326,1.859385,false,3615
41,5,code_debug,10414000,5304000,5110000,2744,512,7854,1.963424,false,4578
41,6,code_debug,12148000,5831000,6317000,3271,512,9588,2.083348,false,6347
41,7,code_debug,13876000,6164000,7712000,3799,473,11316,2.251136,false,5529
41,8,code_debug,15679000,6843000,8836000,4283,512,13119,2.291247,false,4098
41,9,code_debug,17322000,7369000,9953000,4809,512,14762,2.350658,false,6201
41,10,code_debug,19088000,7895000,11193000,5335,512,16528,2.417733,false,3425
41,11,code_debug,20879000,7960000,12919000,5860,420,18319,2.622990,false,5391
42,0,rust_learning,2695000,604000,2091000,19,117,135,4.461921,false,2145
42,1,rust_learning,3290000,1529000,1761000,149,276,730,2.151733,false,2876
42,2,rust_learning,4162000,2136000,2026000,441,339,1602,1.948502,false,6145
42,3,rust_learning,5307000,2780000,2527000,790,398,2747,1.908993,false,7160
42,4,rust_learning,6749000,3075000,3674000,1200,375,4189,2.194797,false,4303
42,5,rust_learning,7980000,3999000,3981000,1589,482,5420,1.995499,false,4709
42,6,rust_learning,9437000,4053000,5384000,2088,393,6877,2.328399,false,4967
42,7,rust_learning,10897000,5055000,5842000,2495,512,8337,2.155687,false,4781
42,8,rust_learning,12629000,5583000,7046000,3023,512,10069,2.262045,false,5503
42,9,rust_learning,14377000,6110000,8267000,3550,512,11817,2.353028,false,4498
42,10,rust_learning,15918000,6527000,9391000,4077,490,13358,2.438793,false,6471
42,11,rust_learning,17490000,6619000,10871000,4579,408,14930,2.642393,false,4802
43,0,podcast_brainstorm,2715000,1280000,1435000,25,251,155,2.121094,false,4619
43,1,podcast_brainstorm,3888000,1617000,2271000,287,266,1328,2.404453,false,4011
43,2,podcast_brainstorm,5155000,1977000,3178000,567,282,2595,2.607486,false,7235
43,3,podcast_brainstorm,6502000,1137000,5365000,862,55,3942,5.718558,false,1430
43,4,podcast_brainstorm,6820000,1782000,5038000,932,170,4260,3.827160,false,3676
43,5,podcast_brainstorm,7600000,1791000,5809000,1111,136,5040,4.243439,false,2451
43,6,podcast_brainstorm,8230000,1882000,6348000,1257,125,5670,4.373007,false,3270
43,7,podcast_brainstorm,8854000,2766000,6088000,1396,274,6294,3.201012,false,3968
43,8,podcast_brainstorm,10084000,2906000,7178000,1681,245,7524,3.470062,false,5636
43,9,podcast_brainstorm,11253000,2283000,8970000,1938,69,8693,4.929041,false,1839
43,10,podcast_brainstorm,11670000,3592000,8078000,2017,315,9110,3.248886,false,5584
43,11,podcast_brainstorm,12956000,4097000,8859000,2342,351,10396,3.162314,false,5181
44,0,essay_revision,2714000,1004000,1710000,19,197,154,2.703187,false,2884
44,1,essay_revision,3959000,1366000,2593000,226,228,1399,2.898243,false,2856
44,2,essay_revision,5522000,1172000,4350000,467,141,2962,4.711604,false,2316
44,3,essay_revision,6454000,1452000,5002000,617,167,3894,4.444904,false,1989
44,4,essay_revision,7522000,1766000,5756000,796,194,4962,4.259343,false,3068
44,5,essay_revision,8739000,1901000,6838000,1006,179,6179,4.597054,false,2454
44,6,essay_revision,9889000,2159000,7730000,1194,193,7329,4.580361,false,2251
44,7,essay_revision,11108000,2445000,8663000,1400,209,8548,4.543149,false,2452
44,8,essay_revision,12400000,2517000,9883000,1617,180,9840,4.926500,false,2947
44,9,essay_revision,13512000,2768000,10744000,1808,192,10952,4.881503,false,1762
44,10,essay_revision,14679000,2969000,11710000,2009,192,12119,4.944089,false,1835
44,11,essay_revision,15873000,2384000,13489000,2214,34,13313,6.658138,false,2455
45,0,math_problem,2708000,1027000,1681000,32,199,148,2.636806,false,2864
45,1,math_problem,3268000,2280000,988000,240,408,708,1.433333,false,3886
45,2,math_problem,4341000,2018000,2323000,658,272,1781,2.151140,false,3067
45,3,math_problem,5474000,2641000,2833000,951,338,2914,2.072700,false,2698
45,4,math_problem,6275000,3168000,3107000,1303,373,3715,1.980745,false,3922
45,5,math_problem,7288000,3724000,3564000,1689,407,4728,1.957035,false,3200
45,6,math_problem,8389000,4249000,4140000,2109,428,5829,1.974347,false,3069
45,7,math_problem,9446000,4588000,4858000,2548,408,6886,2.058849,false,5726
45,8,math_problem,10786000,5529000,5257000,2969,512,8226,1.950805,false,4112
45,9,math_problem,12204000,5548000,6656000,3498,410,9644,2.199712,false,3599
45,10,math_problem,13252000,5982000,7270000,3922,412,10692,2.215313,false,4493
45,11,math_problem,14519000,6134000,8385000,4344,358,11959,2.366971,false,3834
46,0,tech_compare,2710000,2575000,135000,15,512,150,1.052427,false,5392
46,1,tech_compare,4656000,3100000,1556000,540,512,2096,1.501935,false,7670
46,2,tech_compare,6671000,3631000,3040000,1071,512,4111,1.837235,false,5555
46,3,tech_compare,8388000,4157000,4231000,1597,512,5828,2.017801,false,5100
46,4,tech_compare,10069000,4679000,5390000,2119,512,7509,2.151956,false,5347
46,5,tech_compare,11913000,5205000,6708000,2645,512,9353,2.288761,false,5500
46,6,tech_compare,13680000,5731000,7949000,3171,512,11120,2.387018,false,4913
46,7,tech_compare,15454000,6254000,9200000,3694,512,12894,2.471059,false,6961
46,8,tech_compare,17168000,6780000,10388000,4220,512,14608,2.532153,false,4912
46,9,tech_compare,18777000,7311000,11466000,4751,512,16217,2.568322,false,5939
46,10,tech_compare,20553000,7838000,12715000,5278,512,17993,2.622225,false,5830
46,11,tech_compare,22390000,8365000,14025000,5805,512,19830,2.676629,false,6544
47,0,recipe_iter,2715000,1272000,1443000,22,250,155,2.134434,false,3671
47,1,recipe_iter,3696000,666000,3030000,281,77,1136,5.549550,false,2377
47,2,recipe_iter,4030000,1612000,2418000,367,249,1470,2.500000,false,4166
47,3,recipe_iter,4959000,1926000,3033000,631,259,2399,2.574766,false,3817
47,4,recipe_iter,5838000,2106000,3732000,901,241,3278,2.772080,false,4137
47,5,recipe_iter,6853000,2646000,4207000,1151,299,4293,2.589947,false,4692
47,6,recipe_iter,7922000,2644000,5278000,1459,237,5362,2.996218,false,3684
47,7,recipe_iter,8835000,3118000,5717000,1708,282,6275,2.833547,false,3780
47,8,recipe_iter,9880000,3558000,6322000,1998,312,7320,2.776841,false,4275
47,9,recipe_iter,11051000,3892000,7159000,2322,314,8491,2.839414,false,4528
47,10,recipe_iter,12125000,3969000,8156000,2644,265,9565,3.054926,false,3496
47,11,recipe_iter,13045000,4799000,8246000,2919,376,10485,2.718275,false,4048
48,0,trip_planning,2730000,1763000,967000,28,347,170,1.548497,false,4083
48,1,trip_planning,3972000,2946000,1026000,386,512,1412,1.348269,false,6532
48,2,trip_planning,5736000,3113000,2623000,913,440,3176,1.842596,false,5969
48,3,trip_planning,7140000,3925000,3215000,1365,512,4580,1.819108,false,7370
48,4,trip_planning,9436000,4451000,4985000,1891,512,6876,2.119973,false,5732
48,5,trip_planning,11088000,4978000,6110000,2418,512,8528,2.227401,false,8276
48,6,trip_planning,13122000,5507000,7615000,2947,512,10562,2.382786,false,6671
48,7,trip_planning,15118000,6033000,9085000,3473,512,12558,2.505884,false,7166
48,8,trip_planning,17114000,6564000,10550000,4004,512,14554,2.607252,false,7089
48,9,trip_planning,18869000,7092000,11777000,4532,512,16309,2.660603,false,8336
48,11,trip_planning,20934000,6509000,14425000,5074,287,18374,3.216162,false,4600
49,0,code_debug,2939000,2667000,272000,107,512,379,1.101987,false,4095
49,1,code_debug,4647000,3201000,1446000,641,512,2087,1.451734,false,4915
49,2,code_debug,6018000,2801000,3217000,1166,327,3458,2.148518,false,2899
49,3,code_debug,7129000,4068000,3061000,1508,512,4569,1.752458,false,3777
49,4,code_debug,8279000,4452000,3827000,2032,484,5719,1.859614,false,3859
49,5,code_debug,9763000,5086000,4677000,2526,512,7203,1.919583,false,7782
49,6,code_debug,11478000,5614000,5864000,3054,512,8918,2.044532,false,4620
49,7,code_debug,13121000,6142000,6979000,3582,512,10561,2.136275,false,4301
49,8,code_debug,14849000,6668000,8181000,4108,512,12289,2.226905,false,4092
49,9,code_debug,16430000,7194000,9236000,4634,512,13870,2.283848,false,3479
49,10,code_debug,18112000,7720000,10392000,5160,512,15552,2.346114,false,3592
49,11,code_debug,19717000,8245000,11472000,5685,512,17157,2.391389,false,4725
50,0,rust_learning,2695000,644000,2051000,19,125,135,4.184783,false,2591
50,1,rust_learning,3307000,1392000,1915000,157,247,747,2.375718,false,3190
50,2,rust_learning,4078000,1965000,2113000,420,309,1518,2.075318,false,3372
50,3,rust_learning,5123000,2764000,2359000,739,405,2563,1.853473,false,3876
50,4,rust_learning,6587000,3331000,3256000,1156,435,4027,1.977484,false,3879
50,5,rust_learning,8078000,3735000,4343000,1605,426,5518,2.162784,false,4453
50,6,rust_learning,9598000,4503000,5095000,2048,491,7038,2.131468,false,5089
50,7,rust_learning,11184000,5113000,6071000,2553,512,8624,2.187366,false,4706
50,8,rust_learning,12764000,5426000,7338000,3081,469,10204,2.352377,false,5116
50,9,rust_learning,14395000,6122000,8273000,3562,512,11835,2.351356,false,5193
50,10,rust_learning,16051000,5375000,10676000,4090,257,13491,2.986233,false,4341
50,11,rust_learning,17184000,6364000,10820000,4359,401,14624,2.700189,false,5422
51,0,podcast_brainstorm,2715000,1145000,1570000,25,224,155,2.371179,false,5029
51,2,podcast_brainstorm,3887000,2097000,1790000,272,365,1327,1.853600,false,6375
51,3,podcast_brainstorm,5505000,1025000,4480000,650,75,2945,5.370732,false,2456
51,4,podcast_brainstorm,5891000,1555000,4336000,740,163,3331,3.788424,false,2997
51,5,podcast_brainstorm,6661000,1687000,4974000,912,155,4101,3.948429,false,2530
51,6,podcast_brainstorm,7326000,1602000,5724000,1077,105,4766,4.573034,false,2607
51,7,podcast_brainstorm,7825000,2366000,5459000,1196,234,5265,3.307270,false,4044
51,8,podcast_brainstorm,8861000,2706000,6155000,1441,253,6301,3.274575,false,4022
51,9,podcast_brainstorm,10024000,2091000,7933000,1706,77,7464,4.793879,false,2835
51,10,podcast_brainstorm,10486000,3278000,7208000,1793,297,7926,3.198902,false,4645
51,11,podcast_brainstorm,11766000,3585000,8181000,2100,297,9206,3.282008,false,5181
52,0,essay_revision,2714000,1029000,1685000,19,202,154,2.637512,false,15469
52,1,essay_revision,4034000,1496000,2538000,231,253,1474,2.696524,false,3775
52,2,essay_revision,5754000,1232000,4522000,497,147,3194,4.670455,false,2251
52,3,essay_revision,6740000,1528000,5212000,653,175,4180,4.410995,false,1798
52,4,essay_revision,7866000,1880000,5986000,840,208,5306,4.184043,false,3524
52,5,essay_revision,9176000,1964000,7212000,1064,180,6616,4.672098,false,1933
52,6,essay_revision,10390000,2168000,8222000,1253,183,7830,4.792435,false,4413
52,7,essay_revision,11619000,2429000,9190000,1449,196,9059,4.783450,false,3028
52,8,essay_revision,12893000,2588000,10305000,1653,187,10333,4.981839,false,1652
52,9,essay_revision,14106000,2856000,11250000,1851,201,11546,4.939076,false,2887
52,10,essay_revision,15381000,3081000,12300000,2061,204,12821,4.992210,false,2258
52,11,essay_revision,16712000,2468000,14244000,2278,38,14152,6.771475,false,2865
53,0,math_problem,2708000,1057000,1651000,32,205,148,2.561968,false,1892
53,1,math_problem,3251000,2331000,920000,246,417,691,1.394680,false,3649
53,2,math_problem,4319000,2008000,2311000,673,267,1759,2.150896,false,3366
53,3,math_problem,5610000,3091000,2519000,961,426,3050,1.814947,false,2444
53,4,math_problem,6692000,2981000,3711000,1401,316,4132,2.244884,false,7383
53,5,math_problem,7669000,3685000,3984000,1730,391,5109,2.081140,false,2977
53,6,math_problem,8776000,3909000,4867000,2134,355,6216,2.245075,false,6130
53,7,math_problem,9745000,4910000,4835000,2500,482,7185,1.984725,false,4602
53,8,math_problem,11282000,5545000,5737000,2995,510,8722,2.034626,false,5632
53,9,math_problem,13007000,5424000,7583000,3519,381,10447,2.398046,false,5476
53,10,math_problem,14095000,6224000,7871000,3914,462,11535,2.264621,false,5131
53,11,math_problem,15661000,6281000,9380000,4386,379,13101,2.493393,false,4915
54,0,tech_compare,2710000,2575000,135000,15,512,150,1.052427,false,5534
54,1,tech_compare,4838000,3101000,1737000,541,512,2278,1.560142,false,4485
54,2,tech_compare,6785000,3632000,3153000,1072,512,4225,1.868117,false,4573
54,3,tech_compare,8624000,4158000,4466000,1598,512,6064,2.074074,false,4688
54,4,tech_compare,10431000,4680000,5751000,2120,512,7871,2.228846,false,4587
54,5,tech_compare,12211000,5205000,7006000,2645,512,9651,2.346013,false,4458
54,6,tech_compare,14058000,5732000,8326000,3172,512,11498,2.452547,false,5329
54,7,tech_compare,15989000,6255000,9734000,3695,512,13429,2.556195,false,5616
54,8,tech_compare,17905000,6782000,11123000,4222,512,15345,2.640077,false,5586
54,9,tech_compare,19734000,7313000,12421000,4753,512,17174,2.698482,false,4795
54,10,tech_compare,21752000,7840000,13912000,5280,512,19192,2.774490,false,5260
54,11,tech_compare,23707000,8367000,15340000,5807,512,21147,2.833393,false,5827
55,0,recipe_iter,2715000,1377000,1338000,22,271,155,1.971678,false,7425
55,1,recipe_iter,3707000,807000,2900000,302,101,1147,4.593556,false,2138
55,2,recipe_iter,4141000,1722000,2419000,412,262,1581,2.404762,false,4491
55,3,recipe_iter,5132000,2039000,3093000,689,270,2572,2.516920,false,3356
55,4,recipe_iter,6072000,2200000,3872000,970,246,3512,2.760000,false,3607
55,5,recipe_iter,7056000,2815000,4241000,1225,318,4496,2.506572,false,3574
55,6,recipe_iter,8095000,3027000,5068000,1552,295,5535,2.674265,false,3348
55,7,recipe_iter,9131000,3284000,5847000,1859,285,6571,2.780451,false,4044
55,8,recipe_iter,10196000,3662000,6534000,2152,302,7636,2.784271,false,5545
55,9,recipe_iter,11278000,4131000,7147000,2466,333,8718,2.730090,false,3900
55,10,recipe_iter,12317000,4222000,8095000,2807,283,9757,2.917338,false,3653
55,11,recipe_iter,13232000,5085000,8147000,3100,397,10672,2.602163,false,5569
56,0,trip_planning,2730000,1818000,912000,28,358,170,1.501650,false,6652
56,1,trip_planning,4091000,2957000,1134000,397,512,1531,1.383497,false,4196
56,2,trip_planning,5870000,3485000,2385000,925,512,3310,1.684362,false,6217
56,3,trip_planning,7321000,3951000,3370000,1451,500,4761,1.852949,false,6666
56,4,trip_planning,9517000,4522000,4995000,1962,512,6957,2.104600,false,7800
56,5,trip_planning,11128000,5049000,6079000,2489,512,8568,2.204001,false,6564
56,6,trip_planning,13180000,5578000,7602000,3018,512,10620,2.362854,false,7972
56,7,trip_planning,15166000,6104000,9062000,3544,512,12606,2.484600,false,8432
56,8,trip_planning,16957000,6635000,10322000,4075,512,14397,2.555690,false,8045
56,9,trip_planning,18559000,7164000,11395000,4604,512,15999,2.590592,false,7788
56,10,trip_planning,20461000,6194000,14267000,5134,212,17901,3.303358,false,4043
56,11,trip_planning,21320000,5873000,15447000,5358,103,18760,3.630172,false,2323
57,0,code_debug,2939000,2667000,272000,107,512,379,1.101987,false,4589
57,1,code_debug,4776000,3201000,1575000,641,512,2216,1.492034,false,5234
57,2,code_debug,6223000,3726000,2497000,1166,512,3663,1.670156,false,4686
57,3,code_debug,7976000,4256000,3720000,1696,512,5416,1.874060,false,3375
57,4,code_debug,9149000,4780000,4369000,2220,512,6589,1.914017,false,8125
57,5,code_debug,10712000,5304000,5408000,2744,512,8152,2.019608,false,4302
57,6,code_debug,12558000,5831000,6727000,3271,512,9998,2.153661,false,6762
57,7,code_debug,14324000,6358000,7966000,3798,512,11764,2.252910,false,3922
57,8,code_debug,16053000,6884000,9169000,4324,512,13493,2.331929,false,4477
57,9,code_debug,17811000,7410000,10401000,4850,512,15251,2.403644,false,4585
57,10,code_debug,19634000,7171000,12463000,5376,359,17074,2.737972,false,3817
57,11,code_debug,21052000,7495000,13557000,5745,350,18492,2.808806,false,5038
58,0,rust_learning,2695000,694000,2001000,19,135,135,3.883285,false,2533
58,1,rust_learning,3372000,1382000,1990000,167,243,812,2.439942,false,3769
58,2,rust_learning,4165000,1831000,2334000,426,281,1605,2.274713,false,3288
58,3,rust_learning,5083000,2757000,2326000,717,408,2523,1.843671,false,4029
58,4,rust_learning,6568000,2902000,3666000,1137,353,4008,2.263267,false,4696
58,5,rust_learning,7793000,3759000,4034000,1504,451,5233,2.073158,false,4337
58,6,rust_learning,9260000,3947000,5313000,1972,395,6700,2.346086,false,4471
58,7,rust_learning,10618000,4941000,5677000,2381,512,8058,2.148958,false,4303
58,8,rust_learning,12196000,5229000,6967000,2909,464,9636,2.332377,false,5531
58,9,rust_learning,13756000,5945000,7811000,3385,512,11196,2.313877,false,4681
58,10,rust_learning,15415000,5561000,9854000,3911,330,12855,2.771983,false,4332
58,11,rust_learning,16728000,6308000,10420000,4253,411,14168,2.651871,false,5409
59,0,podcast_brainstorm,2715000,1335000,1380000,25,262,155,2.033708,false,4203
59,1,podcast_brainstorm,3941000,1728000,2213000,298,286,1381,2.280671,false,4730
59,2,podcast_brainstorm,5233000,2128000,3105000,598,306,2673,2.459117,false,4414
59,3,podcast_brainstorm,6645000,1217000,5428000,917,60,4085,5.460148,false,1527
59,4,podcast_brainstorm,6983000,1917000,5066000,992,185,4423,3.642671,false,5121
59,5,podcast_brainstorm,7855000,1906000,5949000,1186,144,5295,4.121196,false,3073
59,6,podcast_brainstorm,8507000,2050000,6457000,1340,142,5947,4.149756,false,3374
59,7,podcast_brainstorm,9232000,2836000,6396000,1496,268,6672,3.255289,false,7823
59,8,podcast_brainstorm,10471000,2975000,7496000,1775,240,7911,3.519664,false,3992
59,9,podcast_brainstorm,11600000,2387000,9213000,2027,72,9040,4.859656,false,2377
59,10,podcast_brainstorm,12030000,3669000,8361000,2109,312,9470,3.278823,false,5531
59,11,podcast_brainstorm,13360000,4001000,9359000,2431,314,10800,3.339165,false,4905
60,0,essay_revision,2714000,1009000,1705000,19,198,154,2.689792,false,4723
60,1,essay_revision,4008000,1412000,2596000,227,237,1448,2.838527,false,3278
60,2,essay_revision,5603000,1132000,4471000,477,131,3043,4.949647,false,2251
60,3,essay_revision,6513000,1387000,5126000,617,154,3953,4.695746,false,2051
60,4,essay_revision,7544000,1718000,5826000,783,187,4984,4.391153,false,2661
60,5,essay_revision,8748000,1876000,6872000,986,178,6188,4.663113,false,6964
60,6,essay_revision,9947000,2098000,7849000,1173,185,7387,4.741182,false,2369
60,7,essay_revision,11191000,2336000,8855000,1371,193,8631,4.790668,false,2386
60,8,essay_revision,12458000,2457000,10001000,1572,177,9898,5.070411,false,1694
60,9,essay_revision,13618000,2650000,10968000,1760,178,11058,5.138868,false,1802
60,10,essay_revision,14757000,2837000,11920000,1947,178,12197,5.201621,false,2072
60,11,essay_revision,15941000,2323000,13618000,2138,37,13381,6.862247,false,1782
61,0,math_problem,2708000,1027000,1681000,32,199,148,2.636806,false,2457
61,1,math_problem,3281000,2315000,966000,240,415,721,1.417279,false,3273
61,2,math_problem,4439000,2250000,2189000,665,317,1879,1.972889,false,3505
61,3,math_problem,5620000,2568000,3052000,1003,313,3060,2.188474,false,2440
61,4,math_problem,6422000,3150000,3272000,1330,364,3862,2.038730,false,3651
61,5,math_problem,7498000,3662000,3836000,1707,391,4938,2.047515,false,3225
61,6,math_problem,8609000,3806000,4803000,2111,339,6049,2.261955,false,3187
61,7,math_problem,9531000,4791000,4740000,2461,466,6971,1.989355,false,5618
61,8,math_problem,10979000,5470000,5509000,2940,506,8419,2.007130,false,6342
61,9,math_problem,12762000,5435000,7327000,3460,395,10202,2.348114,false,3749
61,10,math_problem,13799000,6094000,7705000,3869,445,11239,2.264358,false,5330
61,11,math_problem,15169000,6119000,9050000,4324,359,12609,2.479000,false,4424
62,0,tech_compare,2710000,2575000,135000,15,512,150,1.052427,false,5546
62,1,tech_compare,4803000,3102000,1701000,542,512,2243,1.548356,false,5710
62,2,tech_compare,6751000,3633000,3118000,1073,512,4191,1.858244,false,6344
62,3,tech_compare,8554000,4159000,4395000,1599,512,5994,2.056744,false,5140
62,4,tech_compare,10278000,4681000,5597000,2121,512,7718,2.195685,false,4927
62,5,tech_compare,11980000,5207000,6773000,2647,512,9420,2.300749,false,5288
62,6,tech_compare,13783000,5733000,8050000,3173,512,11223,2.404151,false,5190
62,7,tech_compare,15568000,6256000,9312000,3696,512,13008,2.488491,false,5515
62,8,tech_compare,17208000,6783000,10425000,4223,512,14648,2.536931,false,5487
62,9,tech_compare,18872000,7314000,11558000,4754,512,16312,2.580257,false,5507
62,10,tech_compare,20646000,7841000,12805000,5281,512,18086,2.633083,false,18223
62,11,tech_compare,22531000,8368000,14163000,5808,512,19971,2.692519,false,6265
63,0,recipe_iter,2715000,1337000,1378000,22,263,155,2.030666,false,3565
63,1,recipe_iter,3721000,794000,2927000,294,100,1161,4.686398,false,1841
63,2,recipe_iter,4159000,1793000,2366000,403,278,1599,2.319576,false,3727
63,3,recipe_iter,5176000,1891000,3285000,696,239,2616,2.737176,false,3165
63,4,recipe_iter,6021000,2216000,3805000,946,254,3461,2.717058,false,3737
63,5,recipe_iter,7082000,2749000,4333000,1209,308,4522,2.576210,false,4373
63,6,recipe_iter,8115000,3196000,4919000,1526,334,5555,2.539111,false,3423
63,7,recipe_iter,9195000,3352000,5843000,1872,296,6635,2.743138,false,4955
63,8,recipe_iter,10302000,3701000,6601000,2176,305,7742,2.783572,false,4558
63,9,recipe_iter,11367000,4153000,7214000,2493,332,8807,2.737058,false,4380
63,10,recipe_iter,12450000,4343000,8107000,2833,302,9890,2.866682,false,5034
63,11,recipe_iter,13468000,5120000,8348000,3145,395,10908,2.630469,false,5128
64,0,trip_planning,2730000,2103000,627000,28,415,170,1.298146,false,4903
64,1,trip_planning,4241000,3014000,1227000,454,512,1681,1.407100,false,5949
64,2,trip_planning,6030000,3542000,2488000,982,512,3470,1.702428,false,5529
64,3,trip_planning,7707000,4069000,3638000,1509,512,5147,1.894077,false,6964
64,4,trip_planning,9867000,4594000,5273000,2034,512,7307,2.147801,false,7577
64,5,trip_planning,11519000,5121000,6398000,2561,512,8959,2.249365,false,7606
64,6,trip_planning,13443000,5650000,7793000,3090,512,10883,2.379292,false,7694
64,7,trip_planning,15519000,6176000,9343000,3616,512,12959,2.512791,false,9074
64,8,trip_planning,17509000,6707000,10802000,4147,512,14949,2.610556,false,7578
64,9,trip_planning,19096000,7237000,11859000,4677,512,16536,2.638662,false,10855
64,10,trip_planning,21166000,6124000,15042000,5209,183,18606,3.456238,false,3792
64,11,trip_planning,21979000,5924000,16055000,5404,104,19419,3.710162,false,3478
65,0,code_debug,2939000,2192000,747000,107,417,379,1.340785,false,4439
65,1,code_debug,4323000,3103000,1220000,543,512,1763,1.393168,false,4021
65,2,code_debug,5555000,3628000,1927000,1068,512,2995,1.531147,false,4368
65,3,code_debug,7204000,4158000,3046000,1598,512,4644,1.732564,false,3610
65,4,code_debug,8067000,4497000,3570000,2122,475,5507,1.793863,false,4126
65,5,code_debug,9417000,5167000,4250000,2607,512,6857,1.822528,false,4182
65,6,code_debug,10964000,5694000,5270000,3134,512,8404,1.925536,false,5962
65,7,code_debug,12769000,6222000,6547000,3662,512,10209,2.052234,false,4665
65,8,code_debug,14718000,6748000,7970000,4188,512,12158,2.181091,false,3832
65,9,code_debug,16368000,7274000,9094000,4714,512,13808,2.250206,false,4053
65,10,code_debug,18113000,7800000,10313000,5240,512,15553,2.322179,false,7146
65,11,code_debug,19834000,8220000,11614000,5765,491,17274,2.412895,false,5322
66,0,rust_learning,2695000,694000,2001000,19,135,135,3.883285,false,3716
66,1,rust_learning,3332000,1577000,1755000,167,282,772,2.112873,false,4300
66,2,rust_learning,4241000,2330000,1911000,465,373,1681,1.820172,false,3806
66,3,rust_learning,5377000,2908000,2469000,848,412,2817,1.849037,false,4792
66,4,rust_learning,6981000,3787000,3194000,1272,503,4421,1.843412,false,5196
66,5,rust_learning,8626000,4349000,4277000,1789,512,6066,1.983444,false,4578
66,6,rust_learning,10251000,4881000,5370000,2321,512,7691,2.100184,false,5173
66,7,rust_learning,11959000,5410000,6549000,2850,512,9399,2.210536,false,6346
66,8,rust_learning,13616000,5937000,7679000,3377,512,11056,2.293414,false,4971
66,9,rust_learning,15399000,6464000,8935000,3904,512,12839,2.382271,false,4655
66,10,rust_learning,17087000,6762000,10325000,4432,466,14527,2.526915,false,5323
66,11,rust_learning,18642000,6875000,11767000,4910,393,16082,2.711564,false,5011
67,0,podcast_brainstorm,2715000,1235000,1480000,25,242,155,2.198381,false,3587
67,1,podcast_brainstorm,3885000,1638000,2247000,278,272,1325,2.371795,false,3773
67,2,podcast_brainstorm,5095000,1979000,3116000,564,283,2535,2.574533,false,4257
67,3,podcast_brainstorm,6403000,1235000,5168000,860,75,3843,5.184615,false,1899
67,4,podcast_brainstorm,6761000,1865000,4896000,950,183,4201,3.625201,false,3250
67,5,podcast_brainstorm,7585000,1867000,5718000,1142,145,5025,4.062667,false,5017
67,6,podcast_brainstorm,8250000,2187000,6063000,1297,178,5690,3.772291,false,3482
67,7,podcast_brainstorm,9133000,2979000,6154000,1489,298,6573,3.065794,false,4482
67,8,podcast_brainstorm,10446000,3053000,7393000,1798,251,7886,3.421553,false,4527
67,9,podcast_brainstorm,11547000,2405000,9142000,2060,69,8987,4.801247,false,1796
67,10,podcast_brainstorm,11949000,3459000,8490000,2139,264,9389,3.454467,false,5874
67,11,podcast_brainstorm,13164000,3748000,9416000,2413,267,10604,3.512273,false,3993
68,0,essay_revision,2714000,1014000,1700000,19,199,154,2.676529,false,3056
68,1,essay_revision,4042000,1368000,2674000,228,228,1482,2.954678,false,3293
68,2,essay_revision,5602000,1129000,4473000,469,132,3042,4.961913,false,2047
68,3,essay_revision,6554000,1400000,5154000,610,158,3994,4.681429,false,1735
68,4,essay_revision,7619000,1755000,5864000,780,195,5059,4.341311,false,4361
68,5,essay_revision,8941000,1936000,7005000,991,189,6381,4.618285,false,3069
68,6,essay_revision,10179000,2169000,8010000,1189,196,7619,4.692946,false,1844
68,7,essay_revision,11455000,2383000,9072000,1398,197,8895,4.806966,false,2100
68,8,essay_revision,12722000,2513000,10209000,1603,182,10162,5.062475,false,4354
68,9,essay_revision,13893000,2746000,11147000,1796,190,11333,5.059359,false,2982
68,10,essay_revision,15096000,2960000,12136000,1995,193,12536,5.100000,false,2162
68,11,essay_revision,16372000,2391000,13981000,2201,38,13812,6.847344,false,1932
69,0,math_problem,2708000,1277000,1431000,32,249,148,2.120595,false,2869
69,1,math_problem,3344000,2850000,494000,290,512,784,1.173333,false,4299
69,2,math_problem,4732000,2479000,2253000,814,333,2172,1.908834,false,3977
69,3,math_problem,6043000,3333000,2710000,1168,433,3483,1.813081,false,2843
69,4,math_problem,7055000,3710000,3345000,1615,419,4495,1.901617,false,3743
69,5,math_problem,8181000,4607000,3574000,2047,512,5621,1.775776,false,4710
69,6,math_problem,9484000,4420000,5064000,2575,369,6924,2.145701,false,3111
69,7,math_problem,10532000,5515000,5017000,2955,512,7972,1.909701,false,5837
69,8,math_problem,12189000,6043000,6146000,3483,512,9629,2.017045,false,4913
69,9,math_problem,13476000,6571000,6905000,4011,512,10916,2.050829,false,4182
69,10,math_problem,14826000,6875000,7951000,4540,467,12266,2.156509,false,4626
69,11,math_problem,16267000,7292000,8975000,5017,455,13707,2.230801,false,4359
70,0,tech_compare,2710000,2575000,135000,15,512,150,1.052427,false,5268
70,1,tech_compare,4877000,3101000,1776000,541,512,2317,1.572718,false,7552
70,2,tech_compare,6797000,3631000,3166000,1071,512,4237,1.871936,false,4938
70,3,tech_compare,8640000,4157000,4483000,1597,512,6080,2.078422,false,8727
70,4,tech_compare,10436000,4679000,5757000,2119,512,7876,2.230391,false,5104
70,5,tech_compare,12270000,5205000,7065000,2645,512,9710,2.357349,false,5309
70,6,tech_compare,14152000,5731000,8421000,3171,512,11592,2.469377,false,4291
70,7,tech_compare,16070000,6255000,9815000,3695,512,13510,2.569145,false,4901
70,8,tech_compare,18195000,6782000,11413000,4222,512,15635,2.682837,false,6034
70,9,tech_compare,19958000,7313000,12645000,4753,512,17398,2.729113,false,6643
70,10,tech_compare,22095000,7840000,14255000,5280,512,19535,2.818240,false,5521
70,11,tech_compare,23992000,8367000,15625000,5807,512,21432,2.867455,false,6339
71,0,recipe_iter,2715000,1162000,1553000,22,228,155,2.336489,false,3682
71,1,recipe_iter,3605000,664000,2941000,259,81,1045,5.429217,false,1594
71,2,recipe_iter,3910000,1449000,2461000,349,220,1350,2.698413,false,3119
71,3,recipe_iter,4775000,1754000,3021000,584,234,2215,2.722349,false,3456
71,4,recipe_iter,5697000,1919000,3778000,829,218,3137,2.968734,false,3885
71,5,recipe_iter,6660000,2466000,4194000,1056,282,4100,2.700730,false,3537
71,6,recipe_iter,7675000,2672000,5003000,1347,265,5115,2.872380,false,3640
71,7,recipe_iter,8674000,2969000,5705000,1624,269,6114,2.921522,false,4032
71,8,recipe_iter,9717000,3396000,6321000,1901,299,7157,2.861307,false,3842
71,9,recipe_iter,10836000,3752000,7084000,2212,308,8276,2.888060,false,4756
71,10,recipe_iter,11889000,3848000,8041000,2528,264,9329,3.089657,false,4440
71,11,recipe_iter,12833000,4577000,8256000,2802,355,10273,2.803802,false,5541
72,0,trip_planning,2730000,1983000,747000,28,391,170,1.376702,false,3838
72,1,trip_planning,4160000,2990000,1170000,430,512,1600,1.391304,false,5306
72,2,trip_planning,5928000,3413000,2515000,958,491,3368,1.736888,false,6960
72,3,trip_planning,7528000,4021000,3507000,1461,512,4968,1.872171,false,6752
72,4,trip_planning,9750000,4547000,5203000,1987,512,7190,2.144271,false,6754
72,5,trip_planning,11329000,5074000,6255000,2514,512,8769,2.232755,false,6754
72,6,trip_planning,13246000,5603000,7643000,3043,512,10686,2.364091,false,6345
72,7,trip_planning,15347000,6129000,9218000,3569,512,12787,2.503997,false,11871
72,8,trip_planning,17352000,6660000,10692000,4100,512,14792,2.605405,false,5739
72,9,trip_planning,18899000,7190000,11709000,4630,512,16339,2.628512,false,6442
72,10,trip_planning,20900000,6192000,14708000,5162,206,18340,3.375323,false,3641
72,11,trip_planning,21779000,6035000,15744000,5380,131,19219,3.608782,false,3468
73,0,code_debug,2939000,2667000,272000,107,512,379,1.101987,false,6090
73,1,code_debug,4717000,3201000,1516000,641,512,2157,1.473602,false,4142
73,2,code_debug,5936000,3726000,2210000,1166,512,3376,1.593129,false,8235
73,3,code_debug,7589000,4256000,3333000,1696,512,5029,1.783130,false,3265
73,4,code_debug,8712000,4780000,3932000,2220,512,6152,1.822594,false,4218
73,5,code_debug,10298000,5305000,4993000,2745,512,7738,1.941188,false,6959
73,6,code_debug,11830000,5832000,5998000,3272,512,9270,2.028464,false,5591
73,7,code_debug,13461000,6360000,7101000,3800,512,10901,2.116509,false,4028
73,8,code_debug,15034000,6886000,8148000,4326,512,12474,2.183270,false,3889
73,9,code_debug,16571000,7412000,9159000,4852,512,14011,2.235699,false,4707
73,10,code_debug,18447000,7728000,10719000,5378,470,15887,2.387034,false,3887
73,11,code_debug,20191000,7773000,12418000,5858,383,17631,2.597581,false,5322
74,0,rust_learning,2695000,644000,2051000,19,125,135,4.184783,false,2339
74,1,rust_learning,3340000,1217000,2123000,157,212,780,2.744454,false,3082
74,2,rust_learning,4094000,1615000,2479000,385,246,1534,2.534985,false,2955
74,3,rust_learning,4932000,2456000,2476000,641,363,2372,2.008143,false,7278
74,4,rust_learning,6241000,2731000,3510000,1016,343,3681,2.285244,false,3479
74,5,rust_learning,7425000,3078000,4347000,1373,341,4865,2.412281,false,3944
74,6,rust_learning,8632000,3526000,5106000,1731,359,6072,2.448100,false,4510
74,7,rust_learning,9939000,4329000,5610000,2104,445,7379,2.295911,false,4462
74,8,rust_learning,11383000,4747000,6636000,2562,437,8823,2.397936,false,5235
74,9,rust_learning,12941000,5446000,7495000,3011,487,10381,2.376239,false,6471
74,10,rust_learning,14494000,4771000,9723000,3511,252,11934,3.037938,false,3738
74,11,rust_learning,15624000,5740000,9884000,3775,393,13064,2.721951,false,4828
75,0,podcast_brainstorm,2715000,1270000,1445000,25,249,155,2.137795,false,3714
75,1,podcast_brainstorm,3886000,1800000,2086000,285,303,1326,2.158889,false,4111
75,2,podcast_brainstorm,5343000,2122000,3221000,602,304,2783,2.517908,false,6663
75,3,podcast_brainstorm,6794000,1174000,5620000,919,51,4234,5.787053,false,1915
75,4,podcast_brainstorm,7087000,1705000,5382000,985,144,4527,4.156598,false,2732
75,5,podcast_brainstorm,7736000,1758000,5978000,1138,124,5176,4.400455,false,2260
75,6,podcast_brainstorm,8295000,1727000,6568000,1272,91,5735,4.803127,false,2398
75,7,podcast_brainstorm,8831000,2542000,6289000,1377,233,6271,3.474036,false,3967
75,8,podcast_brainstorm,9878000,2771000,7107000,1621,230,7318,3.564778,false,5337
75,9,podcast_brainstorm,10987000,2253000,8734000,1863,78,8427,4.876609,false,3284
75,10,podcast_brainstorm,11395000,3486000,7909000,1951,307,8835,3.268789,false,6154
75,11,podcast_brainstorm,12737000,3698000,9039000,2268,286,10177,3.444294,false,6563
76,0,essay_revision,2714000,1014000,1700000,19,199,154,2.676529,false,3979
76,1,essay_revision,4031000,1418000,2613000,228,238,1471,2.842736,false,3415
76,2,essay_revision,5648000,1159000,4489000,479,136,3088,4.873167,false,2049
76,3,essay_revision,6616000,1429000,5187000,624,161,4056,4.629811,false,1745
76,4,essay_revision,7703000,1767000,5936000,797,194,5143,4.359366,false,5582
76,5,essay_revision,8996000,1942000,7054000,1007,187,6436,4.632338,false,2273
76,6,essay_revision,10240000,2158000,8082000,1203,191,7680,4.745134,false,1844
76,7,essay_revision,11505000,2367000,9138000,1407,192,8945,4.860583,false,2666
76,8,essay_revision,12768000,2507000,10261000,1607,180,10208,5.092940,false,2662
76,9,essay_revision,13980000,2788000,11192000,1798,198,11420,5.014347,false,2435
76,10,essay_revision,15274000,3015000,12259000,2005,202,12714,5.066003,false,3597
76,11,essay_revision,16616000,2405000,14211000,2220,37,14056,6.908940,false,3391
77,0,math_problem,2708000,1037000,1671000,32,201,148,2.611379,false,2049
77,1,math_problem,3245000,2322000,923000,242,416,685,1.397502,false,4147
77,2,math_problem,4365000,2163000,2202000,668,299,1805,2.018031,false,4048
77,3,math_problem,5606000,2998000,2608000,988,402,3046,1.869913,false,3170
77,4,math_problem,6609000,3009000,3600000,1404,321,4049,2.196411,false,4854
77,5,math_problem,7614000,3858000,3756000,1738,424,5054,1.973561,false,5737
77,6,math_problem,8761000,4045000,4716000,2175,374,6201,2.165884,false,3686
77,7,math_problem,9767000,4720000,5047000,2560,432,7207,2.069280,false,5143
77,8,math_problem,11128000,5455000,5673000,3005,490,8568,2.039963,false,6063
77,9,math_problem,12659000,5649000,7010000,3509,428,10099,2.240928,false,3687
77,10,math_problem,13781000,6006000,7775000,3951,411,11221,2.294539,false,5420
77,11,math_problem,15353000,6242000,9111000,4372,374,12793,2.459628,false,5006
78,0,tech_compare,2710000,2575000,135000,15,512,150,1.052427,false,5727
78,1,tech_compare,4744000,3102000,1642000,542,512,2184,1.529336,false,4413
78,2,tech_compare,6642000,3633000,3009000,1073,512,4082,1.828241,false,4837
78,3,tech_compare,8552000,4159000,4393000,1599,512,5992,2.056264,false,5196
78,4,tech_compare,10189000,4681000,5508000,2121,512,7629,2.176672,false,5467
78,5,tech_compare,11955000,5207000,6748000,2647,512,9395,2.295948,false,5330
78,6,tech_compare,13684000,5732000,7952000,3172,512,11124,2.387299,false,4268
78,7,tech_compare,15531000,6255000,9276000,3695,512,12971,2.482974,false,8235
78,8,tech_compare,17387000,6782000,10605000,4222,512,14827,2.563698,false,13699
78,9,tech_compare,19111000,7313000,11798000,4753,512,16551,2.613291,false,4746
78,10,tech_compare,20898000,7840000,13058000,5280,512,18338,2.665561,false,5019
78,11,tech_compare,22820000,8367000,14453000,5807,512,20260,2.727381,false,7963
79,0,recipe_iter,2715000,1187000,1528000,22,233,155,2.287279,false,3192
79,1,recipe_iter,3573000,699000,2874000,264,87,1013,5.111588,false,3072
79,2,recipe_iter,3954000,1710000,2244000,360,270,1394,2.312281,false,2898
79,3,recipe_iter,4885000,1835000,3050000,645,238,2325,2.662125,false,3483
79,4,recipe_iter,5762000,2079000,3683000,894,237,3202,2.771525,false,6967
79,5,recipe_iter,6733000,2690000,4043000,1140,310,4173,2.502974,false,5530
79,6,recipe_iter,7685000,2939000,4746000,1459,296,5125,2.614835,false,2980
79,7,recipe_iter,8642000,2957000,5685000,1767,238,6082,2.922557,false,4022
79,8,recipe_iter,9542000,3278000,6264000,2013,253,6982,2.910921,false,2931
79,9,recipe_iter,10446000,3668000,6778000,2278,278,7886,2.847874,false,4169
79,10,recipe_iter,11414000,3879000,7535000,2564,263,8854,2.942511,false,3698
79,11,recipe_iter,12309000,4437000,7872000,2837,320,9749,2.774172,false,6723
80,0,trip_planning,2730000,1848000,882000,28,364,170,1.477273,false,5111
80,1,trip_planning,4140000,2963000,1177000,403,512,1580,1.397233,false,4703
80,2,trip_planning,5990000,3265000,2725000,930,467,3430,1.834609,false,5023
80,3,trip_planning,7529000,3829000,3700000,1409,484,4969,1.966310,false,6842
80,4,trip_planning,9701000,4464000,5237000,1904,512,7141,2.173163,false,5728
80,5,trip_planning,11495000,4991000,6504000,2431,512,8935,2.303146,false,6501
80,6,trip_planning,13372000,5520000,7852000,2960,512,10812,2.422464,false,8031
80,7,trip_planning,15525000,6046000,9479000,3486,512,12965,2.567813,false,7165
80,8,trip_planning,17540000,6577000,10963000,4017,512,14980,2.666869,false,6371
80,9,trip_planning,19170000,7106000,12064000,4546,512,16610,2.697720,false,8368
80,10,trip_planning,21186000,5988000,15198000,5078,182,18626,3.538076,false,4299
80,11,trip_planning,22037000,5967000,16070000,5272,139,19477,3.693146,false,3685
81,0,code_debug,2939000,2547000,392000,107,488,379,1.153907,false,16378
81,1,code_debug,4469000,3174000,1295000,614,512,1909,1.408003,false,4324
81,2,code_debug,5693000,3269000,2424000,1139,426,3133,1.741511,false,4192
81,3,code_debug,6966000,4140000,2826000,1580,512,4406,1.682609,false,3687
81,4,code_debug,8021000,4664000,3357000,2104,512,5461,1.719768,false,4299
81,5,code_debug,9592000,5189000,4403000,2629,512,7032,1.848526,false,4299
81,6,code_debug,11168000,5716000,5452000,3156,512,8608,1.953814,false,5928
81,7,code_debug,13002000,6244000,6758000,3684,512,10442,2.082319,false,4704
81,8,code_debug,14797000,6770000,8027000,4210,512,12237,2.185672,false,5104
81,9,code_debug,16326000,7296000,9030000,4736,512,13766,2.237664,false,3860
81,10,code_debug,17945000,7822000,10123000,5262,512,15385,2.294170,false,4448
81,11,code_debug,19611000,7927000,11684000,5787,428,17051,2.473950,false,5405
82,0,rust_learning,2695000,609000,2086000,19,118,135,4.425287,false,2455
82,1,rust_learning,3288000,1410000,1878000,150,252,728,2.331915,false,5278
82,2,rust_learning,4087000,1983000,2104000,418,313,1527,2.061019,false,4131
82,3,rust_learning,5151000,2736000,2415000,741,399,2591,1.882675,false,4707
82,4,rust_learning,6512000,3142000,3370000,1152,398,3952,2.072565,false,6077
82,5,rust_learning,7794000,3619000,4175000,1564,411,5234,2.153634,false,4975
82,6,rust_learning,9079000,4027000,5052000,1992,407,6519,2.254532,false,4093
82,7,rust_learning,10432000,4888000,5544000,2413,495,7872,2.134206,false,6141
82,8,rust_learning,12179000,5236000,6943000,2921,463,9619,2.326012,false,6112
82,9,rust_learning,13802000,5956000,7846000,3396,512,11242,2.317327,false,4444
82,10,rust_learning,15417000,6129000,9288000,3924,441,12857,2.515419,false,5205
82,11,rust_learning,16821000,6072000,10749000,4377,339,14261,2.770257,false,3982
83,0,podcast_brainstorm,2715000,1325000,1390000,25,260,155,2.049057,false,7295
83,1,podcast_brainstorm,3934000,1521000,2413000,296,245,1374,2.586456,false,4572
83,2,podcast_brainstorm,5091000,2015000,3076000,555,292,2531,2.526551,false,4709
83,3,podcast_brainstorm,6411000,1150000,5261000,860,58,3851,5.574783,false,1899
83,4,podcast_brainstorm,6730000,2068000,4662000,933,227,4170,3.254352,false,4226
83,5,podcast_brainstorm,7789000,2134000,5655000,1169,193,5229,3.649953,false,3669
83,6,podcast_brainstorm,8651000,2362000,6289000,1372,198,6091,3.662574,false,4738
83,7,podcast_brainstorm,9600000,2959000,6641000,1584,275,7040,3.244339,false,4916
83,8,podcast_brainstorm,10840000,3235000,7605000,1870,273,8280,3.350850,false,4912
83,9,podcast_brainstorm,12068000,2615000,9453000,2155,92,9508,4.614914,false,2391
83,10,podcast_brainstorm,12632000,3832000,8800000,2257,315,10072,3.296451,false,4755
83,11,podcast_brainstorm,13935000,4162000,9773000,2582,316,11375,3.348150,false,5023
84,0,essay_revision,2714000,984000,1730000,19,193,154,2.758130,false,3184
84,1,essay_revision,3960000,1367000,2593000,222,229,1400,2.896854,false,4094
84,2,essay_revision,5555000,1144000,4411000,464,136,2995,4.855769,false,2456
84,3,essay_revision,6524000,1429000,5095000,609,164,3964,4.565430,false,4914
84,4,essay_revision,7631000,1765000,5866000,785,196,5071,4.323513,false,2661
84,5,essay_revision,8931000,1967000,6964000,997,194,6371,4.540417,false,2456
84,6,essay_revision,10256000,2200000,8056000,1200,200,7696,4.661818,false,2456
84,7,essay_revision,11601000,2488000,9113000,1413,215,9041,4.662781,false,2866
84,8,essay_revision,13024000,2671000,10353000,1636,207,10464,4.876076,false,1887
84,9,essay_revision,14402000,2959000,11443000,1854,221,11842,4.867185,false,3436
84,10,essay_revision,15853000,3284000,12569000,2084,240,13293,4.827345,false,3070
84,11,essay_revision,17477000,2512000,14965000,2337,35,14917,6.957404,false,2455
85,0,math_problem,2708000,1082000,1626000,32,210,148,2.502773,false,2078
85,1,math_problem,3261000,2441000,820000,251,438,701,1.335928,false,3764
85,2,math_problem,4415000,2194000,2221000,699,299,1855,2.012306,false,4502
85,3,math_problem,5856000,3019000,2837000,1019,400,3296,1.939715,false,3030
85,4,math_problem,6862000,3353000,3509000,1433,384,4302,2.046525,false,3617
85,5,math_problem,7927000,4085000,3842000,1830,451,5367,1.940514,false,4094
85,6,math_problem,9049000,4049000,5000000,2294,351,6489,2.234873,false,2866
85,7,math_problem,10016000,4961000,5055000,2656,461,7456,2.018948,false,4595
85,8,math_problem,11405000,5690000,5715000,3130,512,8845,2.004394,false,5499
85,9,math_problem,12828000,5699000,7129000,3659,408,10268,2.250921,false,3902
85,10,math_problem,13866000,6326000,7540000,4081,449,11306,2.191906,false,5317
85,11,math_problem,15470000,6265000,9205000,4540,345,12910,2.469274,false,4488
86,0,tech_compare,2710000,2575000,135000,15,512,150,1.052427,false,7954
86,1,tech_compare,4872000,3102000,1770000,542,512,2312,1.570600,false,5299
86,2,tech_compare,6747000,3633000,3114000,1073,512,4187,1.857143,false,4939
86,3,tech_compare,8727000,4159000,4568000,1599,512,6167,2.098341,false,4681
86,4,tech_compare,10546000,4681000,5865000,2121,512,7986,2.252937,false,6145
86,5,tech_compare,12271000,5206000,7065000,2646,512,9711,2.357088,false,4502
86,6,tech_compare,14170000,5732000,8438000,3172,512,11610,2.472087,false,5321
86,7,tech_compare,16053000,6255000,9798000,3695,512,13493,2.566427,false,5529
86,8,tech_compare,17928000,6782000,11146000,4222,512,15368,2.643468,false,6551
86,9,tech_compare,19794000,7312000,12482000,4752,512,17234,2.707057,false,7166
86,10,tech_compare,21792000,7840000,13952000,5280,512,19232,2.779592,false,7191
86,11,tech_compare,23634000,8367000,15267000,5807,512,21074,2.824668,false,8672
87,0,recipe_iter,2715000,1287000,1428000,22,253,155,2.109557,false,6863
87,1,recipe_iter,3644000,924000,2720000,284,128,1084,3.943723,false,3146
87,2,recipe_iter,4180000,1906000,2274000,421,297,1620,2.193075,false,3538
87,3,recipe_iter,5175000,2053000,3122000,733,264,2615,2.520701,false,4457
87,4,recipe_iter,6092000,2138000,3954000,1008,226,3532,2.849392,false,4115
87,5,recipe_iter,7006000,2803000,4203000,1243,312,4446,2.499465,false,5067
87,6,recipe_iter,8048000,3244000,4804000,1564,336,5488,2.480888,false,3155
87,7,recipe_iter,9146000,3112000,6034000,1912,240,6586,2.938946,false,4443
87,8,recipe_iter,10066000,3535000,6531000,2160,275,7506,2.847525,false,3638
87,9,recipe_iter,11049000,3892000,7157000,2447,289,8489,2.838900,false,3866
87,10,recipe_iter,11993000,4034000,7959000,2744,258,9433,2.972980,false,6054
87,11,recipe_iter,12926000,4762000,8164000,3012,350,10366,2.714406,false,8884
88,0,trip_planning,2730000,1958000,772000,28,386,170,1.394280,false,6128
88,1,trip_planning,4100000,2985000,1115000,425,512,1540,1.373534,false,5948
88,2,trip_planning,5875000,3512000,2363000,952,512,3315,1.672836,false,6263
88,3,trip_planning,7323000,4037000,3286000,1477,512,4763,1.813971,false,6829
88,4,trip_planning,9499000,4563000,4936000,2003,512,6939,2.081744,false,5784
88,5,trip_planning,11135000,5090000,6045000,2530,512,8575,2.187623,false,6227
88,6,trip_planning,12974000,5619000,7355000,3059,512,10414,2.308952,false,8781
88,7,trip_planning,15045000,6145000,8900000,3585,512,12485,2.448332,false,6393
88,8,trip_planning,17024000,6676000,10348000,4116,512,14464,2.550030,false,7608
88,9,trip_planning,18615000,7206000,11409000,4646,512,16055,2.583264,false,6135
88,10,trip_planning,20533000,6038000,14495000,5178,172,17973,3.400629,false,3674
88,11,trip_planning,21326000,6012000,15314000,5362,130,18766,3.547239,false,3692
89,0,code_debug,2939000,2667000,272000,107,512,379,1.101987,false,4922
89,1,code_debug,4719000,3201000,1518000,641,512,2159,1.474227,false,4921
89,2,code_debug,6019000,3726000,2293000,1166,512,3459,1.615405,false,7382
89,3,code_debug,7712000,4256000,3456000,1696,512,5152,1.812030,false,8405
89,4,code_debug,8874000,4779000,4095000,2219,512,6314,1.856874,false,4247
89,5,code_debug,10492000,5303000,5189000,2743,512,7932,1.978503,false,7180
89,6,code_debug,12334000,5830000,6504000,3270,512,9774,2.115609,false,5791
89,7,code_debug,14207000,6358000,7849000,3798,512,11647,2.234508,false,3953
89,8,code_debug,15923000,6884000,9039000,4324,512,13363,2.313045,false,31701
89,9,code_debug,17508000,7410000,10098000,4850,512,14948,2.362753,false,7400
89,10,code_debug,19135000,7935000,11200000,5375,512,16575,2.411468,false,3579
89,11,code_debug,20727000,7890000,12837000,5900,398,18167,2.626996,false,5049
90,0,rust_learning,2695000,649000,2046000,19,126,135,4.152542,false,2285
90,1,rust_learning,3299000,1343000,1956000,158,237,739,2.456441,false,2700
90,2,rust_learning,4057000,1906000,2151000,411,299,1497,2.128541,false,3422
90,3,rust_learning,5015000,2810000,2205000,720,418,2455,1.784698,false,4324
90,4,rust_learning,6428000,3100000,3328000,1150,390,3868,2.073548,false,3976
90,5,rust_learning,7750000,3734000,4016000,1554,436,5190,2.075522,false,4014
90,6,rust_learning,9151000,4207000,4944000,2007,440,6591,2.175184,false,4319
90,7,rust_learning,10527000,5021000,5506000,2461,512,7967,2.096594,false,4338
90,8,rust_learning,12199000,5249000,6950000,2989,452,9639,2.324062,false,4609
90,9,rust_learning,13758000,6013000,7745000,3453,512,11198,2.288043,false,4627
90,10,rust_learning,15347000,5761000,9586000,3981,356,12787,2.663947,false,3674
90,11,rust_learning,16568000,5974000,10594000,4349,325,14008,2.773351,false,4050
91,0,podcast_brainstorm,2715000,1230000,1485000,25,241,155,2.207317,false,3917
91,1,podcast_brainstorm,3895000,1542000,2353000,277,253,1335,2.525940,false,3678
91,2,podcast_brainstorm,5088000,1868000,3220000,543,265,2528,2.723769,false,4659
91,3,podcast_brainstorm,6406000,1126000,5280000,821,61,3846,5.689165,false,2249
91,4,podcast_brainstorm,6743000,1852000,4891000,897,191,4183,3.640929,false,3438
91,5,podcast_brainstorm,7617000,1847000,5770000,1097,150,5057,4.123985,false,2435
91,6,podcast_brainstorm,8273000,2292000,5981000,1257,207,5713,3.609511,false,3573
91,7,podcast_brainstorm,9290000,2998000,6292000,1478,304,6730,3.098732,false,4428
91,8,podcast_brainstorm,10645000,3003000,7642000,1793,242,8085,3.544789,false,4079
91,9,podcast_brainstorm,11877000,2347000,9530000,2047,60,9317,5.060503,false,1634
91,10,podcast_brainstorm,12271000,3492000,8779000,2117,275,9711,3.514032,false,5081
91,11,podcast_brainstorm,13484000,3807000,9677000,2402,281,10924,3.541897,false,9138
92,0,essay_revision,2714000,1089000,1625000,19,214,154,2.492195,false,4117
92,1,essay_revision,4142000,1428000,2714000,243,237,1582,2.900560,false,3918
92,2,essay_revision,5760000,1203000,4557000,493,142,3200,4.788030,false,4379
92,3,essay_revision,6721000,1489000,5232000,644,169,4161,4.513768,false,2262
92,4,essay_revision,7813000,1820000,5993000,825,199,5253,4.292857,false,5688
92,5,essay_revision,9129000,2040000,7089000,1040,200,6569,4.475000,false,2693
92,6,essay_revision,10456000,2294000,8162000,1249,209,7896,4.557977,false,4912
92,7,essay_revision,11842000,2551000,9291000,1471,216,9282,4.642101,false,2016
92,8,essay_revision,13249000,2725000,10524000,1695,206,10689,4.862018,false,2723
92,9,essay_revision,14616000,3047000,11569000,1912,227,12056,4.796849,false,3614
92,10,essay_revision,16075000,3293000,12782000,2148,229,13515,4.881567,false,2531
92,11,essay_revision,17588000,2555000,15033000,2390,33,15028,6.883757,false,1637
93,0,math_problem,2708000,987000,1721000,32,191,148,2.743668,false,2135
93,1,math_problem,3225000,2222000,1003000,232,398,665,1.451395,false,3171
93,2,math_problem,4283000,2260000,2023000,640,324,1723,1.895133,false,3276
93,3,math_problem,5499000,2910000,2589000,985,385,2939,1.889691,false,2417
93,4,math_problem,6473000,3184000,3289000,1384,360,3913,2.032977,false,3814
93,5,math_problem,7497000,3802000,3695000,1757,409,4937,1.971857,false,3615
93,6,math_problem,8600000,3834000,4766000,2179,331,6040,2.243088,false,3007
93,7,math_problem,9445000,4721000,4724000,2521,440,6885,2.000635,false,4795
93,8,math_problem,10868000,5534000,5334000,2974,512,8308,1.963860,false,4604
93,9,math_problem,12457000,5308000,7149000,3503,361,9897,2.346835,false,3805
93,10,math_problem,13516000,5948000,7568000,3878,414,10956,2.272360,false,5109
93,11,math_problem,15180000,6347000,8833000,4302,409,12620,2.391681,false,5246
94,0,tech_compare,2710000,2575000,135000,15,512,150,1.052427,false,6950
94,1,tech_compare,4919000,3102000,1817000,542,512,2359,1.585751,false,7497
94,2,tech_compare,6931000,3633000,3298000,1073,512,4371,1.907790,false,5737
94,3,tech_compare,8903000,4158000,4745000,1598,512,6343,2.141174,false,4917
94,4,tech_compare,10684000,4680000,6004000,2120,512,8124,2.282906,false,6144
94,5,tech_compare,12521000,5206000,7315000,2646,512,9961,2.405109,false,5321
94,6,tech_compare,14332000,5732000,8600000,3172,512,11772,2.500349,false,4703
94,7,tech_compare,16167000,6255000,9912000,3695,512,13607,2.584652,false,5181
94,8,tech_compare,17904000,6782000,11122000,4222,512,15344,2.639929,false,5522
94,9,tech_compare,19711000,7313000,12398000,4753,512,17151,2.695337,false,4983
94,10,tech_compare,21687000,7840000,13847000,5280,512,19127,2.766199,false,4797
94,11,tech_compare,23540000,8367000,15173000,5807,512,20980,2.813434,false,6474
95,0,recipe_iter,2715000,1267000,1448000,22,249,155,2.142857,false,3174
95,1,recipe_iter,3590000,690000,2900000,280,82,1030,5.202899,false,1786
95,2,recipe_iter,3943000,1681000,2262000,371,262,1383,2.345628,false,3581
95,3,recipe_iter,4882000,1958000,2924000,648,262,2322,2.493361,false,3899
95,4,recipe_iter,5821000,2091000,3730000,921,234,3261,2.783835,false,3486
95,5,recipe_iter,6790000,2624000,4166000,1164,292,4230,2.587652,false,3883
95,6,recipe_iter,7763000,2825000,4938000,1465,272,5203,2.747965,false,3081
95,7,recipe_iter,8794000,2999000,5795000,1749,250,6234,2.932311,false,4538
95,8,recipe_iter,9730000,3307000,6423000,2007,260,7170,2.942244,false,3013
95,9,recipe_iter,10676000,3604000,7072000,2279,265,8116,2.962264,false,3933
95,10,recipe_iter,11581000,3842000,7739000,2552,258,9021,3.014315,false,3804
95,11,recipe_iter,12525000,4660000,7865000,2820,368,9965,2.687768,false,5127
96,0,trip_planning,2730000,1863000,867000,28,367,170,1.465378,false,5121
96,1,trip_planning,4086000,2966000,1120000,406,512,1526,1.377613,false,4739
96,2,trip_planning,5890000,3229000,2661000,934,459,3330,1.824094,false,5972
96,3,trip_planning,7354000,3965000,3389000,1405,512,4794,1.854729,false,6441
96,4,trip_planning,9485000,4491000,4994000,1931,512,6925,2.112002,false,6269
96,5,trip_planning,11273000,5018000,6255000,2458,512,8713,2.246513,false,6056
96,6,trip_planning,13112000,5547000,7565000,2987,512,10552,2.363800,false,5922
96,7,trip_planning,15039000,6073000,8966000,3513,512,12479,2.476371,false,7275
96,8,trip_planning,17025000,6604000,10421000,4044,512,14465,2.577983,false,6749
96,9,trip_planning,18612000,7134000,11478000,4574,512,16052,2.608915,false,6819
96,10,trip_planning,20644000,6176000,14468000,5106,214,18084,3.342617,false,4024
96,11,trip_planning,21638000,5892000,15746000,5332,112,19078,3.672437,false,3456
97,0,code_debug,2939000,2667000,272000,107,512,379,1.101987,false,4269
97,1,code_debug,4744000,3201000,1543000,641,512,2184,1.482037,false,5036
97,2,code_debug,6070000,2996000,3074000,1166,366,3510,2.026035,false,3207
97,3,code_debug,7366000,3782000,3584000,1547,447,4806,1.947647,false,3529
97,4,code_debug,8378000,4518000,3860000,2003,503,5818,1.854360,false,4147
97,5,code_debug,9959000,5076000,4883000,2516,512,7399,1.961978,false,4639
97,6,code_debug,11727000,5602000,6125000,3042,512,9167,2.093360,false,6150
97,7,code_debug,13380000,6130000,7250000,3570,512,10820,2.182708,false,3603
97,8,code_debug,15148000,6656000,8492000,4096,512,12588,2.275841,false,4485
97,9,code_debug,16840000,7182000,9658000,4622,512,14280,2.344751,false,3961
97,10,code_debug,18822000,7098000,11724000,5148,390,16262,2.651733,false,4256
97,11,code_debug,20382000,7268000,13114000,5548,344,17822,2.804348,false,5821
98,0,rust_learning,2695000,764000,1931000,19,149,135,3.527487,false,2877
98,1,rust_learning,3431000,1346000,2085000,181,233,871,2.549034,false,2995
98,2,rust_learning,4233000,2050000,2183000,430,324,1673,2.064878,false,3113
98,3,rust_learning,5324000,2564000,2760000,764,360,2764,2.076443,false,3569
98,4,rust_learning,6683000,2896000,3787000,1136,352,4123,2.307666,false,5246
98,5,rust_learning,7953000,3687000,4266000,1502,437,5393,2.157038,false,4540
98,6,rust_learning,9360000,4101000,5259000,1956,429,6800,2.282370,false,4302
98,7,rust_learning,10719000,4959000,5760000,2399,512,8159,2.161525,false,5814
98,8,rust_learning,12394000,5487000,6907000,2927,512,9834,2.258794,false,5249
98,9,rust_learning,14126000,6014000,8112000,3454,512,11566,2.348853,false,4345
98,10,rust_learning,15757000,5382000,10375000,3982,280,13197,2.927722,false,7200
98,11,rust_learning,16916000,6334000,10582000,4274,412,14356,2.670666,false,5185
99,0,podcast_brainstorm,2715000,1355000,1360000,25,266,155,2.003690,false,4232
99,1,podcast_brainstorm,4008000,1862000,2146000,302,312,1448,2.152524,false,5804
99,2,podcast_brainstorm,5389000,2137000,3252000,627,302,2829,2.521759,false,4834
99,3,podcast_brainstorm,6832000,1342000,5490000,942,80,4272,5.090909,false,5596
99,4,podcast_brainstorm,7238000,2147000,5091000,1037,222,4678,3.371216,false,6965
99,5,podcast_brainstorm,8321000,2303000,6018000,1268,207,5761,3.613113,false,3154
99,6,podcast_brainstorm,9281000,2364000,6917000,1484,176,6721,3.925973,false,3161
99,7,podcast_brainstorm,10012000,3164000,6848000,1674,298,7452,3.164349,false,4895
99,8,podcast_brainstorm,11347000,3408000,7939000,1983,285,8787,3.329519,false,4777
99,9,podcast_brainstorm,12679000,2665000,10014000,2280,77,10119,4.757598,false,2227
99,10,podcast_brainstorm,13108000,4167000,8941000,2367,360,10548,3.145668,false,6076
99,11,podcast_brainstorm,14619000,4477000,10142000,2737,348,12059,3.265356,false,5527
