idx,reservation_uc,actual_uc,refund_uc,input_tokens,output_tokens,latency_ms,margin_ratio
0,1130,456,674,16,88,3411,2.478070
1,1144,923,221,18,181,2520,1.239437
2,1110,1010,100,10,200,2251,1.099010
3,1128,669,459,14,131,3441,1.686099
4,1123,568,555,13,111,2009,1.977113
5,1125,708,417,13,139,2634,1.588983
6,1140,254,886,14,48,1479,4.488189
7,1140,1017,123,17,200,3057,1.120944
8,1153,167,986,22,29,1055,6.904192
9,1126,501,625,16,97,2092,2.247505
10,1131,221,910,16,41,1326,5.117647
11,1142,1018,124,18,200,3129,1.121807
12,1118,1011,107,11,200,2508,1.105836
13,1131,1013,118,13,200,3237,1.116486
14,1129,873,256,13,172,3606,1.293242
15,1130,1016,114,16,200,3444,1.112205
16,1135,415,720,15,80,1713,2.734940
17,1148,1017,131,17,200,3204,1.128810
18,1154,988,166,23,193,3339,1.168016
19,1127,439,688,14,85,2326,2.567198
20,1131,281,850,16,53,1788,4.024911
21,1135,1017,118,17,200,3993,1.116028
22,1111,1010,101,10,200,3253,1.100000
23,1130,1015,115,15,200,2574,1.113300
24,1128,294,834,14,56,1449,3.836735
25,1120,950,170,15,187,2900,1.178947
26,1135,220,915,15,41,1215,5.159091
27,1127,1017,110,17,200,2886,1.108161
28,1143,173,970,23,30,1076,6.606936
29,1127,481,646,16,93,1841,2.343035
30,1131,526,605,16,102,1611,2.150190
31,1144,1018,126,18,200,2804,1.123772
32,1110,1010,100,10,200,2972,1.099010
33,1128,779,349,14,153,2351,1.448010
34,1123,598,525,13,117,3685,1.877926
35,1125,503,622,13,98,1816,2.236581
36,1140,264,876,14,50,1330,4.318182
37,1140,1017,123,17,200,2927,1.120944
38,1153,167,986,22,29,1087,6.904192
39,1126,526,600,16,102,1815,2.140684
40,1131,486,645,16,94,1748,2.327160
41,1142,1018,124,18,200,2533,1.121807
42,1118,1011,107,11,200,2259,1.105836
43,1131,1013,118,13,200,3073,1.116486
44,1129,543,586,13,106,2091,2.079190
45,1130,1016,114,16,200,2697,1.112205
46,1135,455,680,15,88,1437,2.494505
47,1148,1017,131,17,200,2479,1.128810
48,1154,653,501,23,126,2356,1.767228
49,1127,419,708,14,81,1911,2.689737
50,1131,521,610,16,101,1685,2.170825
51,1135,952,183,17,187,3342,1.192227
52,1111,1010,101,10,200,3379,1.100000
53,1130,1015,115,15,200,2581,1.113300
54,1128,254,874,14,48,1671,4.440945
55,1120,1015,105,15,200,3085,1.103448
56,1135,235,900,15,44,1799,4.829787
57,1127,1017,110,17,200,3102,1.108161
58,1143,173,970,23,30,1125,6.606936
59,1127,486,641,16,94,2149,2.318930
60,1131,476,655,16,92,1833,2.376050
61,1144,1018,126,18,200,2925,1.123772
62,1110,1010,100,10,200,2382,1.099010
63,1128,724,404,14,142,2099,1.558011
64,1123,563,560,13,110,2076,1.994671
65,1125,653,472,13,128,2084,1.722818
66,1140,304,836,14,58,1906,3.750000
67,1140,1017,123,17,200,3114,1.120944
68,1153,157,996,22,27,1266,7.343949
69,1126,516,610,16,100,2095,2.182171
70,1131,481,650,16,93,1759,2.351351
71,1142,1018,124,18,200,3472,1.121807
72,1118,1011,107,11,200,2976,1.105836
73,1131,1013,118,13,200,2773,1.116486
74,1129,658,471,13,129,2255,1.715805
75,1130,1016,114,16,200,2941,1.112205
76,1135,455,680,15,88,1948,2.494505
77,1148,1017,131,17,200,2625,1.128810
78,1154,963,191,23,188,3388,1.198339
79,1127,604,523,14,118,2257,1.865894
80,1131,501,630,16,97,1675,2.257485
81,1135,932,203,17,183,2579,1.217811
82,1111,1010,101,10,200,2630,1.100000
83,1130,1015,115,15,200,3127,1.113300
84,1128,304,824,14,58,1502,3.710526
85,1120,1015,105,15,200,3278,1.103448
86,1135,250,885,15,47,1721,4.540000
87,1127,1017,110,17,200,3033,1.108161
88,1143,173,970,23,30,1111,6.606936
89,1127,496,631,16,96,1901,2.272177
90,1131,481,650,16,93,1643,2.351351
91,1144,958,186,18,188,2595,1.194154
92,1110,1010,100,10,200,2819,1.099010
93,1128,689,439,14,135,2270,1.637155
94,1123,628,495,13,123,1960,1.788217
95,1125,653,472,13,128,3547,1.722818
96,1140,264,876,14,50,1707,4.318182
97,1140,1017,123,17,200,3166,1.120944
98,1153,167,986,22,29,1166,6.904192
99,1126,496,630,16,96,1896,2.270161
100,1132,486,646,16,94,1646,2.329218
101,1142,1018,124,18,200,2889,1.121807
102,1118,1011,107,11,200,2385,1.105836
103,1131,963,168,13,190,2545,1.174455
104,1129,668,461,13,131,4015,1.690120
105,1130,1016,114,16,200,3047,1.112205
106,1135,425,710,15,82,1813,2.670588
107,1148,1017,131,17,200,2798,1.128810
108,1154,723,431,23,140,2159,1.596127
109,1127,479,648,14,93,2160,2.352818
110,1132,521,611,16,101,1699,2.172745
111,1135,1007,128,17,198,3071,1.127110
112,1111,1010,101,10,200,2897,1.100000
113,1130,1015,115,15,200,3744,1.113300
114,1128,304,824,14,58,1418,3.710526
115,1120,1015,105,15,200,2523,1.103448
116,1135,220,915,15,41,1195,5.159091
117,1127,1017,110,17,200,2555,1.108161
118,1143,528,615,23,101,1868,2.164773
119,1127,501,626,16,97,1868,2.249501
120,1132,436,696,16,84,1474,2.596330
121,1144,1018,126,18,200,2987,1.123772
122,1110,1010,100,10,200,2647,1.099010
123,1128,704,424,14,138,2162,1.602273
124,1123,683,440,13,134,2115,1.644217
125,1125,518,607,13,101,2085,2.171815
126,1140,269,871,14,51,2908,4.237918
127,1140,1017,123,17,200,3269,1.120944
128,1153,167,986,22,29,1047,6.904192
129,1126,371,755,16,71,1791,3.035040
130,1132,541,591,16,105,1658,2.092421
131,1142,1018,124,18,200,2103,1.121807
132,1118,1011,107,11,200,3128,1.105836
133,1131,1013,118,13,200,3149,1.116486
134,1129,958,171,13,189,2868,1.178497
135,1130,1016,114,16,200,2500,1.112205
136,1135,340,795,15,65,1769,3.338235
137,1148,1017,131,17,200,2633,1.128810
138,1154,743,411,23,144,2576,1.553163
139,1127,464,663,14,90,2424,2.428879
140,1132,451,681,16,87,1999,2.509978
141,1135,902,233,17,177,2796,1.258315
142,1111,1010,101,10,200,5235,1.100000
143,1130,1015,115,15,200,2744,1.113300
144,1128,449,679,14,87,1605,2.512249
145,1120,685,435,15,134,2374,1.635036
146,1135,235,900,15,44,1327,4.829787
147,1127,1017,110,17,200,2567,1.108161
148,1143,173,970,23,30,1191,6.606936
149,1127,576,551,16,112,2014,1.956597
150,1132,486,646,16,94,1736,2.329218
151,1144,828,316,18,162,2551,1.381643
152,1110,1010,100,10,200,2766,1.099010
153,1128,919,209,14,181,2523,1.227421
154,1123,558,565,13,109,1726,2.012545
155,1125,623,502,13,122,1985,1.805778
156,1140,344,796,14,66,1575,3.313953
157,1140,802,338,17,157,3033,1.421446
158,1153,167,986,22,29,1195,6.904192
159,1126,421,705,16,81,1761,2.674584
160,1132,516,616,16,100,1747,2.193798
161,1142,1018,124,18,200,2885,1.121807
162,1118,1011,107,11,200,2340,1.105836
163,1131,1013,118,13,200,2867,1.116486
164,1129,668,461,13,131,5123,1.690120
165,1130,1016,114,16,200,2563,1.112205
166,1135,420,715,15,81,1712,2.702381
167,1148,1017,131,17,200,2492,1.128810
168,1154,743,411,23,144,2238,1.553163
169,1127,509,618,14,99,2421,2.214145
170,1132,556,576,16,108,3684,2.035971
171,1135,912,223,17,179,3164,1.244518
172,1111,1010,101,10,200,3857,1.100000
173,1130,1015,115,15,200,4360,1.113300
174,1128,254,874,14,48,1220,4.440945
175,1120,1015,105,15,200,3268,1.103448
176,1135,230,905,15,43,1531,4.934783
177,1127,1017,110,17,200,2660,1.108161
178,1143,173,970,23,30,1053,6.606936
179,1127,486,641,16,94,1796,2.318930
180,1132,511,621,16,99,1732,2.215264
181,1144,893,251,18,175,3094,1.281075
182,1110,1010,100,10,200,2749,1.099010
183,1128,594,534,14,116,1962,1.898990
184,1123,658,465,13,129,1956,1.706687
185,1125,653,472,13,128,1957,1.722818
186,1140,549,591,14,107,2260,2.076503
187,1140,972,168,17,191,2841,1.172840
188,1153,167,986,22,29,1038,6.904192
189,1126,386,740,16,74,1701,2.917098
190,1132,506,626,16,98,1821,2.237154
191,1142,1018,124,18,200,5454,1.121807
192,1118,1011,107,11,200,2297,1.105836
193,1131,983,148,13,194,3060,1.150560
194,1129,918,211,13,181,3210,1.229847
195,1130,1016,114,16,200,2919,1.112205
196,1135,365,770,15,70,1438,3.109589
197,1148,1017,131,17,200,2784,1.128810
198,1154,723,431,23,140,2725,1.596127
199,1127,369,758,14,71,1421,3.054201
200,1130,431,699,16,83,1568,2.621810
201,1135,962,173,17,189,2506,1.179834
202,1111,1010,101,10,200,2937,1.100000
203,1130,1015,115,15,200,3089,1.113300
204,1128,379,749,14,73,2029,2.976253
205,1120,965,155,15,190,2444,1.160622
206,1135,210,925,15,39,1276,5.404762
207,1127,1017,110,17,200,2665,1.108161
208,1143,173,970,23,30,1660,6.606936
209,1127,401,726,16,77,1594,2.810474
210,1131,246,885,16,46,1142,4.597561
211,1144,868,276,18,170,3051,1.317972
212,1110,1010,100,10,200,2327,1.099010
213,1128,944,184,14,186,2746,1.194915
214,1123,608,515,13,119,2250,1.847039
215,1125,553,572,13,108,1957,2.034358
216,1140,294,846,14,56,1400,3.877551
217,1140,1017,123,17,200,3160,1.120944
218,1153,167,986,22,29,1397,6.904192
219,1126,376,750,16,72,2182,2.994681
220,1131,256,875,16,48,2334,4.417969
221,1142,1018,124,18,200,2529,1.121807
222,1118,1011,107,11,200,2357,1.105836
223,1131,1013,118,13,200,3187,1.116486
224,1129,518,611,13,101,1944,2.179537
225,1130,1016,114,16,200,2764,1.112205
226,1135,450,685,15,87,1548,2.522222
227,1148,1017,131,17,200,4023,1.128810
228,1154,778,376,23,151,2305,1.483290
229,1127,439,688,14,85,2574,2.567198
230,1131,551,580,16,107,1666,2.052632
231,1135,917,218,17,180,3241,1.237732
232,1111,1010,101,10,200,3340,1.100000
233,1130,1015,115,15,200,3061,1.113300
234,1128,294,834,14,56,2100,3.836735
235,1120,1015,105,15,200,2948,1.103448
236,1135,285,850,15,54,1719,3.982456
237,1127,1017,110,17,200,2793,1.108161
238,1143,173,970,23,30,3786,6.606936
239,1127,511,616,16,99,2032,2.205479
240,1131,476,655,16,92,1683,2.376050
241,1144,758,386,18,148,2316,1.509235
242,1110,1010,100,10,200,2963,1.099010
243,1128,769,359,14,151,2245,1.466840
244,1123,583,540,13,114,2312,1.926244
245,1125,608,517,13,119,2322,1.850329
246,1140,159,981,14,29,1633,7.169811
247,1140,1017,123,17,200,3008,1.120944
248,1153,167,986,22,29,1191,6.904192
249,1126,481,645,16,93,1982,2.340956
250,1131,526,605,16,102,1776,2.150190
251,1142,1018,124,18,200,2846,1.121807
252,1118,1011,107,11,200,2618,1.105836
253,1131,1013,118,13,200,3537,1.116486
254,1129,773,356,13,152,2714,1.460543
255,1130,1016,114,16,200,3090,1.112205
256,1135,470,665,15,91,1776,2.414894
257,1148,1017,131,17,200,2779,1.128810
258,1154,643,511,23,124,1994,1.794712
259,1127,489,638,14,95,2383,2.304703
260,1131,446,685,16,86,1963,2.535874
261,1135,962,173,17,189,2879,1.179834
262,1111,1010,101,10,200,2894,1.100000
263,1130,1015,115,15,200,2762,1.113300
264,1128,364,764,14,70,1477,3.098901
265,1120,1015,105,15,200,2985,1.103448
266,1135,220,915,15,41,1210,5.159091
267,1127,1017,110,17,200,2383,1.108161
268,1143,173,970,23,30,1098,6.606936
269,1127,501,626,16,97,1902,2.249501
270,1131,526,605,16,102,1648,2.150190
271,1144,673,471,18,131,2290,1.699851
272,1110,1010,100,10,200,2856,1.099010
273,1128,684,444,14,134,2253,1.649123
274,1123,558,565,13,109,4550,2.012545
275,1125,618,507,13,121,1797,1.820388
276,1140,309,831,14,59,1963,3.689320
277,1140,1017,123,17,200,2874,1.120944
278,1153,167,986,22,29,1085,6.904192
279,1126,356,770,16,68,1543,3.162921
280,1131,441,690,16,85,1532,2.564626
281,1142,1018,124,18,200,2626,1.121807
282,1118,1011,107,11,200,2418,1.105836
283,1131,1013,118,13,200,3116,1.116486
284,1129,633,496,13,124,2399,1.783570
285,1130,1016,114,16,200,3190,1.112205
286,1135,460,675,15,89,1911,2.467391
287,1148,1017,131,17,200,2989,1.128810
288,1154,778,376,23,151,2090,1.483290
289,1127,439,688,14,85,1759,2.567198
290,1131,491,640,16,95,1770,2.303462
291,1135,977,158,17,192,3021,1.161720
292,1111,1010,101,10,200,2865,1.100000
293,1130,1015,115,15,200,2387,1.113300
294,1128,269,859,14,51,1399,4.193309
295,1120,1015,105,15,200,3218,1.103448
296,1135,235,900,15,44,1209,4.829787
297,1127,1017,110,17,200,2573,1.108161
298,1143,173,970,23,30,972,6.606936
299,1127,481,646,16,93,1765,2.343035
300,1132,431,701,16,83,1394,2.626450
301,1144,993,151,18,195,2587,1.152064
302,1110,1010,100,10,200,2890,1.099010
303,1128,659,469,14,129,2149,1.711684
304,1123,608,515,13,119,1887,1.847039
305,1125,623,502,13,122,2514,1.805778
306,1140,249,891,14,47,1261,4.578313
307,1140,992,148,17,195,2939,1.149194
308,1153,167,986,22,29,982,6.904192
309,1126,411,715,16,79,1724,2.739659
310,1132,511,621,16,99,1635,2.215264
311,1142,1018,124,18,200,2461,1.121807
312,1118,1011,107,11,200,3025,1.105836
313,1131,1003,128,13,198,3182,1.127617
314,1129,703,426,13,138,2590,1.605974
315,1130,1016,114,16,200,3013,1.112205
316,1135,470,665,15,91,1951,2.414894
317,1148,1017,131,17,200,2771,1.128810
318,1154,753,401,23,146,2140,1.532537
319,1127,449,678,14,87,2444,2.510022
320,1132,476,656,16,92,2852,2.378151
321,1135,977,158,17,192,3050,1.161720
322,1111,1010,101,10,200,2792,1.100000
323,1130,1015,115,15,200,2446,1.113300
324,1128,269,859,14,51,1204,4.193309
325,1120,1015,105,15,200,3033,1.103448
326,1135,255,880,15,48,1425,4.450980
327,1127,1017,110,17,200,2659,1.108161
328,1143,173,970,23,30,1016,6.606936
329,1127,486,641,16,94,1627,2.318930
330,1132,556,576,16,108,1695,2.035971
331,1144,978,166,18,192,2505,1.169734
332,1110,1010,100,10,200,2691,1.099010
333,1128,769,359,14,151,2706,1.466840
334,1123,618,505,13,121,1846,1.817152
335,1125,633,492,13,124,2338,1.777251
336,1140,299,841,14,57,1316,3.812709
337,1140,1017,123,17,200,3162,1.120944
338,1153,167,986,22,29,972,6.904192
339,1126,421,705,16,81,1989,2.674584
340,1132,436,696,16,84,1561,2.596330
341,1142,1018,124,18,200,2665,1.121807
342,1118,1011,107,11,200,2498,1.105836
343,1131,973,158,13,192,3116,1.162384
344,1129,753,376,13,148,3010,1.499336
345,1130,1016,114,16,200,2719,1.112205
346,1135,455,680,15,88,1444,2.494505
347,1148,1017,131,17,200,3323,1.128810
348,1154,733,421,23,142,2247,1.574352
349,1127,464,663,14,90,1922,2.428879
350,1132,491,641,16,95,1667,2.305499
351,1135,982,153,17,193,2936,1.155804
352,1111,1010,101,10,200,3343,1.100000
353,1130,1015,115,15,200,2556,1.113300
354,1128,264,864,14,50,1386,4.272727
355,1120,810,310,15,159,2747,1.382716
356,1135,225,910,15,42,1382,5.044444
357,1127,1017,110,17,200,2675,1.108161
358,1143,173,970,23,30,1551,6.606936
359,1127,406,721,16,78,1583,2.775862
360,1132,491,641,16,95,1680,2.305499
361,1144,963,181,18,189,2998,1.187954
362,1110,1010,100,10,200,2708,1.099010
363,1128,814,314,14,160,2481,1.385749
364,1123,608,515,13,119,1974,1.847039
365,1125,598,527,13,117,2096,1.881271
366,1140,199,941,14,37,1403,5.728643
367,1140,1017,123,17,200,2884,1.120944
368,1153,167,986,22,29,1087,6.904192
369,1126,596,530,16,116,1930,1.889262
370,1132,466,666,16,90,1827,2.429185
371,1142,1018,124,18,200,2828,1.121807
372,1118,1011,107,11,200,2524,1.105836
373,1131,1013,118,13,200,3221,1.116486
374,1129,683,446,13,134,2836,1.653001
375,1130,1016,114,16,200,2694,1.112205
376,1135,490,645,15,95,1586,2.316327
377,1148,1017,131,17,200,2565,1.128810
378,1154,703,451,23,136,2401,1.641536
379,1127,394,733,14,76,1598,2.860406
380,1132,526,606,16,102,1571,2.152091
381,1135,992,143,17,195,2906,1.144153
382,1111,1010,101,10,200,2799,1.100000
383,1130,1015,115,15,200,2806,1.113300
384,1128,254,874,14,48,1436,4.440945
385,1120,870,250,15,171,4666,1.287356
386,1135,225,910,15,42,1407,5.044444
387,1127,1017,110,17,200,2359,1.108161
388,1143,173,970,23,30,1014,6.606936
389,1127,491,636,16,95,1648,2.295316
390,1132,521,611,16,101,1926,2.172745
391,1144,883,261,18,173,2516,1.295583
392,1110,1010,100,10,200,2380,1.099010
393,1128,774,354,14,152,3892,1.457364
394,1123,608,515,13,119,2007,1.847039
395,1125,698,427,13,137,2111,1.611748
396,1140,344,796,14,66,1508,3.313953
397,1140,952,188,17,187,3145,1.197479
398,1153,167,986,22,29,1006,6.904192
399,1126,421,705,16,81,1597,2.674584
400,1130,416,714,16,80,1397,2.716346
401,1142,1018,124,18,200,2564,1.121807
402,1118,1011,107,11,200,2628,1.105836
403,1131,883,248,13,174,2432,1.280861
404,1129,853,276,13,168,2750,1.323564
405,1130,1016,114,16,200,2630,1.112205
406,1135,470,665,15,91,1652,2.414894
407,1148,1017,131,17,200,2268,1.128810
408,1154,768,386,23,149,2040,1.502604
409,1127,444,683,14,86,1996,2.538288
410,1131,286,845,16,54,1303,3.954545
411,1135,812,323,17,159,2726,1.397783
412,1111,1010,101,10,200,2850,1.100000
413,1130,1015,115,15,200,2802,1.113300
414,1128,274,854,14,52,3831,4.116788
415,1120,1015,105,15,200,2770,1.103448
416,1135,260,875,15,49,2082,4.365385
417,1127,1017,110,17,200,2728,1.108161
418,1143,173,970,23,30,1000,6.606936
419,1127,486,641,16,94,1840,2.318930
420,1131,306,825,16,58,1183,3.696078
421,1144,803,341,18,157,2330,1.424658
422,1110,1010,100,10,200,2757,1.099010
423,1128,679,449,14,133,1969,1.661267
424,1123,638,485,13,125,2012,1.760188
425,1125,548,577,13,107,1899,2.052920
426,1140,264,876,14,50,1256,4.318182
427,1140,1017,123,17,200,2767,1.120944
428,1153,167,986,22,29,1079,6.904192
429,1126,476,650,16,92,1953,2.365546
430,1131,451,680,16,87,1433,2.507761
431,1142,1018,124,18,200,2896,1.121807
432,1118,1011,107,11,200,2545,1.105836
433,1131,1013,118,13,200,2780,1.116486
434,1129,843,286,13,166,3059,1.339265
435,1130,1016,114,16,200,3223,1.112205
436,1135,455,680,15,88,1865,2.494505
437,1148,1017,131,17,200,2968,1.128810
438,1154,773,381,23,150,3052,1.492885
439,1127,389,738,14,75,1891,2.897172
440,1131,471,660,16,91,1901,2.401274
441,1135,1017,118,17,200,4113,1.116028
442,1111,1010,101,10,200,2684,1.100000
443,1130,1015,115,15,200,2762,1.113300
444,1128,249,879,14,47,1255,4.530120
445,1120,1015,105,15,200,2563,1.103448
446,1135,250,885,15,47,1168,4.540000
447,1127,1017,110,17,200,2625,1.108161
448,1143,173,970,23,30,998,6.606936
449,1127,491,636,16,95,1756,2.295316
450,1131,506,625,16,98,1478,2.235178
451,1144,933,211,18,183,3287,1.226152
452,1110,1010,100,10,200,2882,1.099010
453,1128,804,324,14,158,2403,1.402985
454,1123,578,545,13,113,1860,1.942907
455,1125,718,407,13,141,2113,1.566852
456,1140,209,931,14,39,2078,5.454545
457,1140,1017,123,17,200,3160,1.120944
458,1153,167,986,22,29,1036,6.904192
459,1126,361,765,16,69,1775,3.119114
460,1131,626,505,16,122,2775,1.806709
461,1142,1018,124,18,200,3320,1.121807
462,1118,1011,107,11,200,2379,1.105836
463,1131,983,148,13,194,2873,1.150560
464,1129,503,626,13,98,1908,2.244533
465,1130,1016,114,16,200,2739,1.112205
466,1135,370,765,15,71,1423,3.067568
467,1148,1017,131,17,200,2366,1.128810
468,1154,628,526,23,121,1777,1.837580
469,1127,474,653,14,92,2258,2.377637
470,1131,526,605,16,102,1662,2.150190
471,1135,937,198,17,184,2898,1.211313
472,1111,1010,101,10,200,2804,1.100000
473,1130,1015,115,15,200,2689,1.113300
474,1128,254,874,14,48,1302,4.440945
475,1120,970,150,15,191,3037,1.154639
476,1135,250,885,15,47,1481,4.540000
477,1127,1017,110,17,200,2741,1.108161
478,1143,173,970,23,30,1545,6.606936
479,1127,496,631,16,96,1918,2.272177
480,1131,536,595,16,104,1791,2.110075
481,1144,938,206,18,184,3127,1.219616
482,1110,1010,100,10,200,2991,1.099010
483,1128,629,499,14,123,2278,1.793323
484,1123,593,530,13,116,1922,1.893761
485,1125,558,567,13,109,2341,2.016129
486,1140,294,846,14,56,1529,3.877551
487,1140,1017,123,17,200,3068,1.120944
488,1153,167,986,22,29,1260,6.904192
489,1126,376,750,16,72,1937,2.994681
490,1131,486,645,16,94,1750,2.327160
491,1142,1018,124,18,200,3085,1.121807
492,1118,1011,107,11,200,2273,1.105836
493,1131,1013,118,13,200,2941,1.116486
494,1129,768,361,13,151,2375,1.470052
495,1130,1016,114,16,200,3662,1.112205
496,1135,500,635,15,97,1685,2.270000
497,1148,1017,131,17,200,2490,1.128810
498,1154,543,611,23,104,2392,2.125230
499,1127,424,703,14,82,2143,2.658019
500,1132,491,641,16,95,1906,2.305499
501,1135,897,238,17,176,2554,1.265329
502,1111,1010,101,10,200,3596,1.100000
503,1130,1015,115,15,200,2952,1.113300
504,1128,429,699,14,83,2378,2.629371
505,1120,980,140,15,193,2542,1.142857
506,1135,270,865,15,51,1364,4.203704
507,1127,1017,110,17,200,2918,1.108161
508,1143,173,970,23,30,1746,6.606936
509,1127,461,666,16,89,2085,2.444685
510,1132,546,586,16,106,1805,2.073260
511,1144,928,216,18,182,2769,1.232759
512,1110,1010,100,10,200,2775,1.099010
513,1128,789,339,14,155,2748,1.429658
514,1123,508,615,13,99,2087,2.210630
515,1125,668,457,13,131,2313,1.684132
516,1140,324,816,14,62,1743,3.518519
517,1140,952,188,17,187,3859,1.197479
518,1153,167,986,22,29,1105,6.904192
519,1126,401,725,16,77,1845,2.807980
520,1132,466,666,16,90,2024,2.429185
521,1142,1018,124,18,200,2912,1.121807
522,1118,1011,107,11,200,3265,1.105836
523,1131,993,138,13,196,6819,1.138973
524,1129,668,461,13,131,2284,1.690120
525,1130,1016,114,16,200,3010,1.112205
526,1135,440,695,15,85,2013,2.579545
527,1148,1017,131,17,200,2866,1.128810
528,1154,653,501,23,126,2481,1.767228
529,1127,364,763,14,70,1785,3.096154
530,1132,556,576,16,108,1946,2.035971
531,1135,827,308,17,162,2755,1.372430
532,1111,1010,101,10,200,3240,1.100000
533,1130,1015,115,15,200,3184,1.113300
534,1128,274,854,14,52,1530,4.116788
535,1120,1015,105,15,200,3090,1.103448
536,1135,235,900,15,44,1837,4.829787
537,1127,1017,110,17,200,3237,1.108161
538,1143,173,970,23,30,1436,6.606936
539,1127,471,656,16,91,2185,2.392781
540,1132,496,636,16,96,2279,2.282258
541,1144,898,246,18,176,2757,1.273942
542,1110,1010,100,10,200,3103,1.099010
543,1128,749,379,14,147,2276,1.506008
544,1123,628,495,13,123,2190,1.788217
545,1125,493,632,13,96,1799,2.281947
546,1140,234,906,14,44,1575,4.871795
547,1140,1017,123,17,200,2754,1.120944
548,1153,167,986,22,29,1051,6.904192
549,1126,561,565,16,109,1979,2.007130
550,1132,521,611,16,101,1703,2.172745
551,1142,1018,124,18,200,2674,1.121807
552,1118,1011,107,11,200,2234,1.105836
553,1131,1013,118,13,200,2635,1.116486
554,1129,833,296,13,164,2579,1.355342
555,1130,1016,114,16,200,3233,1.112205
556,1135,410,725,15,79,1466,2.768293
557,1148,1017,131,17,200,2762,1.128810
558,1154,713,441,23,138,2202,1.618513
559,1127,544,583,14,106,1952,2.071691
560,1132,356,776,16,68,1410,3.179775
561,1135,847,288,17,166,3853,1.340024
562,1111,1010,101,10,200,9161,1.100000
563,1130,1015,115,15,200,2639,1.113300
564,1128,274,854,14,52,1679,4.116788
565,1120,830,290,15,163,2416,1.349398
566,1135,235,900,15,44,1236,4.829787
567,1127,1017,110,17,200,3892,1.108161
568,1143,173,970,23,30,1652,6.606936
569,1127,481,646,16,93,2538,2.343035
570,1132,506,626,16,98,2289,2.237154
571,1144,878,266,18,172,5151,1.302961
572,1110,1010,100,10,200,3323,1.099010
573,1128,799,329,14,157,2650,1.411765
574,1123,653,470,13,128,2939,1.719755
575,1125,558,567,13,109,4008,2.016129
576,1140,274,866,14,52,2229,4.160584
577,1140,922,218,17,181,2802,1.236443
578,1153,167,986,22,29,1242,6.904192
579,1126,471,655,16,91,2028,2.390658
580,1132,546,586,16,106,2733,2.073260
581,1142,1018,124,18,200,3677,1.121807
582,1118,1011,107,11,200,4486,1.105836
583,1131,968,163,13,191,2848,1.168388
584,1129,843,286,13,166,2963,1.339265
585,1130,1016,114,16,200,3061,1.112205
586,1135,450,685,15,87,2061,2.522222
587,1148,1017,131,17,200,3184,1.128810
588,1154,443,711,23,84,2584,2.604966
589,1127,404,723,14,78,1847,2.789604
590,1132,476,656,16,92,2394,2.378151
591,1135,1017,118,17,200,6684,1.116028
592,1111,1010,101,10,200,2480,1.100000
593,1130,1015,115,15,200,4841,1.113300
594,1128,249,879,14,47,3233,4.530120
595,1120,1015,105,15,200,3664,1.103448
596,1135,210,925,15,39,1919,5.404762
597,1127,1017,110,17,200,3395,1.108161
598,1143,173,970,23,30,3119,6.606936
599,1127,536,591,16,104,2961,2.102612
600,1130,421,709,16,81,2488,2.684086
601,1144,1018,126,18,200,3403,1.123772
602,1110,1010,100,10,200,2874,1.099010
603,1128,849,279,14,167,3011,1.328622
604,1123,593,530,13,116,2367,1.893761
605,1125,623,502,13,122,2748,1.805778
606,1140,224,916,14,42,5970,5.089286
607,1140,1017,123,17,200,3824,1.120944
608,1153,167,986,22,29,1165,6.904192
609,1126,391,735,16,75,2251,2.879795
610,1131,261,870,16,49,2838,4.333333
611,1142,1018,124,18,200,3772,1.121807
612,1118,1011,107,11,200,2894,1.105836
613,1131,1013,118,13,200,4023,1.116486
614,1129,693,436,13,136,2964,1.629149
615,1130,1016,114,16,200,2829,1.112205
616,1135,435,700,15,84,1664,2.609195
617,1148,1017,131,17,200,3105,1.128810
618,1154,623,531,23,120,2599,1.852327
619,1127,514,613,14,100,2432,2.192607
620,1131,456,675,16,88,1645,2.480263
621,1135,952,183,17,187,3382,1.192227
622,1111,1010,101,10,200,2994,1.100000
623,1130,1015,115,15,200,3179,1.113300
624,1128,249,879,14,47,1896,4.530120
625,1120,970,150,15,191,3504,1.154639
626,1135,250,885,15,47,1868,4.540000
627,1127,1017,110,17,200,3568,1.108161
628,1143,173,970,23,30,993,6.606936
629,1127,491,636,16,95,1661,2.295316
630,1131,476,655,16,92,1432,2.376050
631,1144,933,211,18,183,2743,1.226152
632,1110,1010,100,10,200,2820,1.099010
633,1128,819,309,14,161,2159,1.377289
634,1123,683,440,13,134,1786,1.644217
635,1125,633,492,13,124,2253,1.777251
636,1140,344,796,14,66,1683,3.313953
637,1140,1017,123,17,200,3114,1.120944
638,1153,167,986,22,29,1084,6.904192
639,1126,426,700,16,82,1858,2.643192
640,1131,476,655,16,92,1667,2.376050
641,1142,1018,124,18,200,2723,1.121807
642,1118,1011,107,11,200,2502,1.105836
643,1131,1013,118,13,200,3170,1.116486
644,1129,673,456,13,132,2556,1.677563
645,1130,1016,114,16,200,3384,1.112205
646,1135,350,785,15,67,2261,3.242857
647,1148,1017,131,17,200,2523,1.128810
648,1154,678,476,23,131,2358,1.702065
649,1127,384,743,14,74,1639,2.934896
650,1131,511,620,16,99,1729,2.213307
651,1135,902,233,17,177,2568,1.258315
652,1111,1010,101,10,200,2496,1.100000
653,1130,1015,115,15,200,2522,1.113300
654,1128,269,859,14,51,1292,4.193309
655,1120,1015,105,15,200,2972,1.103448
656,1135,235,900,15,44,1774,4.829787
657,1127,1017,110,17,200,2606,1.108161
658,1143,173,970,23,30,1212,6.606936
659,1127,491,636,16,95,1730,2.295316
660,1131,501,630,16,97,1630,2.257485
661,1144,1018,126,18,200,3262,1.123772
662,1110,1010,100,10,200,2784,1.099010
663,1128,774,354,14,152,2388,1.457364
664,1123,543,580,13,106,2371,2.068140
665,1125,588,537,13,115,1807,1.913265
666,1140,294,846,14,56,1697,3.877551
667,1140,1017,123,17,200,3043,1.120944
668,1153,167,986,22,29,1393,6.904192
669,1126,376,750,16,72,1657,2.994681
670,1131,546,585,16,106,1699,2.071429
671,1142,1018,124,18,200,3256,1.121807
672,1118,1011,107,11,200,6028,1.105836
673,1131,898,233,13,177,3498,1.259465
674,1129,613,516,13,120,3315,1.841762
675,1130,1016,114,16,200,2824,1.112205
676,1135,450,685,15,87,1821,2.522222
677,1148,1017,131,17,200,2880,1.128810
678,1154,458,696,23,87,1913,2.519651
679,1127,534,593,14,104,2217,2.110487
680,1131,486,645,16,94,2261,2.327160
681,1135,912,223,17,179,2960,1.244518
682,1111,1010,101,10,200,3198,1.100000
683,1130,1015,115,15,200,3052,1.113300
684,1128,269,859,14,51,1877,4.193309
685,1120,1015,105,15,200,3337,1.103448
686,1135,270,865,15,51,1926,4.203704
687,1127,1017,110,17,200,3358,1.108161
688,1143,173,970,23,30,1326,6.606936
689,1127,491,636,16,95,1808,2.295316
690,1131,376,755,16,72,1754,3.007979
691,1144,1018,126,18,200,3507,1.123772
692,1110,1010,100,10,200,2359,1.099010
693,1128,799,329,14,157,2328,1.411765
694,1123,653,470,13,128,2057,1.719755
695,1125,633,492,13,124,2677,1.777251
696,1140,299,841,14,57,1838,3.812709
697,1140,1017,123,17,200,4803,1.120944
698,1153,167,986,22,29,1352,6.904192
699,1126,501,625,16,97,2397,2.247505
700,1132,561,571,16,109,1706,2.017825
701,1142,1018,124,18,200,2865,1.121807
702,1118,1011,107,11,200,2358,1.105836
703,1131,1013,118,13,200,3345,1.116486
704,1129,858,271,13,169,3853,1.315851
705,1130,1016,114,16,200,5784,1.112205
706,1135,420,715,15,81,2605,2.702381
707,1148,1017,131,17,200,3004,1.128810
708,1154,173,981,23,30,1116,6.670520
709,1127,394,733,14,76,2223,2.860406
710,1132,481,651,16,93,2199,2.353430
711,1135,1017,118,17,200,2864,1.116028
712,1111,1010,101,10,200,3375,1.100000
713,1130,1015,115,15,200,2276,1.113300
714,1128,264,864,14,50,1795,4.272727
715,1120,995,125,15,196,2783,1.125628
716,1135,295,840,15,56,1514,3.847458
717,1127,1017,110,17,200,2967,1.108161
718,1143,173,970,23,30,1441,6.606936
719,1127,461,666,16,89,1860,2.444685
720,1132,531,601,16,103,1847,2.131827
721,1144,828,316,18,162,2741,1.381643
722,1110,1010,100,10,200,2820,1.099010
723,1128,784,344,14,154,2211,1.438776
724,1123,628,495,13,123,1944,1.788217
725,1125,528,597,13,103,1886,2.130682
726,1140,284,856,14,54,1469,4.014085
727,1140,1017,123,17,200,2943,1.120944
728,1153,167,986,22,29,1128,6.904192
729,1126,391,735,16,75,2124,2.879795
730,1132,541,591,16,105,2370,2.092421
731,1142,1018,124,18,200,3020,1.121807
732,1118,1011,107,11,200,2806,1.105836
733,1131,1013,118,13,200,3412,1.116486
734,1129,1013,116,13,200,6895,1.114511
735,1130,1016,114,16,200,2661,1.112205
736,1135,480,655,15,93,1347,2.364583
737,1148,1017,131,17,200,2919,1.128810
738,1154,723,431,23,140,2231,1.596127
739,1127,364,763,14,70,1699,3.096154
740,1132,491,641,16,95,1600,2.305499
741,1135,837,298,17,164,2598,1.356033
742,1111,1010,101,10,200,3552,1.100000
743,1130,1015,115,15,200,2469,1.113300
744,1128,304,824,14,58,1549,3.710526
745,1120,1015,105,15,200,2571,1.103448
746,1135,210,925,15,39,1123,5.404762
747,1127,1017,110,17,200,2520,1.108161
748,1143,173,970,23,30,966,6.606936
749,1127,436,691,16,84,2080,2.584862
750,1132,526,606,16,102,1698,2.152091
751,1144,673,471,18,131,2335,1.699851
752,1110,1010,100,10,200,2357,1.099010
753,1128,894,234,14,176,2337,1.261745
754,1123,588,535,13,115,1731,1.909864
755,1125,793,332,13,156,2510,1.418663
756,1140,429,711,14,83,1508,2.657343
757,1140,1017,123,17,200,2808,1.120944
758,1153,167,986,22,29,1000,6.904192
759,1126,571,555,16,111,1687,1.971979
760,1132,446,686,16,86,1788,2.538117
761,1142,1018,124,18,200,2627,1.121807
762,1118,1011,107,11,200,2363,1.105836
763,1131,1013,118,13,200,3348,1.116486
764,1129,693,436,13,136,2684,1.629149
765,1130,1016,114,16,200,2781,1.112205
766,1135,400,735,15,77,1539,2.837500
767,1148,1017,131,17,200,2577,1.128810
768,1154,773,381,23,150,2596,1.492885
769,1127,464,663,14,90,2579,2.428879
770,1132,416,716,16,80,1903,2.721154
771,1135,952,183,17,187,2957,1.192227
772,1111,1010,101,10,200,2811,1.100000
773,1130,1015,115,15,200,2675,1.113300
774,1128,294,834,14,56,1697,3.836735
775,1120,1015,105,15,200,2933,1.103448
776,1135,225,910,15,42,1417,5.044444
777,1127,1017,110,17,200,2768,1.108161
778,1143,173,970,23,30,1364,6.606936
779,1127,516,611,16,100,2016,2.184109
780,1132,501,631,16,97,1934,2.259481
781,1144,908,236,18,178,2973,1.259912
782,1110,1010,100,10,200,2850,1.099010
783,1128,924,204,14,182,3695,1.220779
784,1123,613,510,13,120,2033,1.831974
785,1125,463,662,13,90,1788,2.429806
786,1140,264,876,14,50,1306,4.318182
787,1140,1017,123,17,200,3088,1.120944
788,1153,167,986,22,29,1319,6.904192
789,1126,436,690,16,84,2299,2.582569
790,1132,496,636,16,96,1719,2.282258
791,1142,1018,124,18,200,2580,1.121807
792,1118,1011,107,11,200,2699,1.105836
793,1131,1013,118,13,200,4329,1.116486
794,1129,618,511,13,121,2579,1.826861
795,1130,1016,114,16,200,3422,1.112205
796,1135,460,675,15,89,2114,2.467391
797,1148,1017,131,17,200,5569,1.128810
798,1154,613,541,23,118,2054,1.882545
799,1127,409,718,14,79,2511,2.755501
800,1130,251,879,16,47,1591,4.501992
801,1135,947,188,17,186,3572,1.198522
802,1111,1010,101,10,200,4216,1.100000
803,1130,1015,115,15,200,3808,1.113300
804,1128,269,859,14,51,1494,4.193309
805,1120,965,155,15,190,3123,1.160622
806,1135,210,925,15,39,1438,5.404762
807,1127,1017,110,17,200,3170,1.108161
808,1143,173,970,23,30,1381,6.606936
809,1127,491,636,16,95,1888,2.295316
810,1131,416,715,16,80,2559,2.718750
811,1144,1018,126,18,200,2949,1.123772
812,1110,1010,100,10,200,3148,1.099010
813,1128,764,364,14,150,3840,1.476440
814,1123,623,500,13,122,2047,1.802568
815,1125,668,457,13,131,2283,1.684132
816,1140,164,976,14,30,1995,6.951220
817,1140,1017,123,17,200,3768,1.120944
818,1153,167,986,22,29,1734,6.904192
819,1126,336,790,16,64,1869,3.351190
820,1131,441,690,16,85,1609,2.564626
821,1142,1018,124,18,200,2865,1.121807
822,1118,1011,107,11,200,2767,1.105836
823,1131,958,173,13,189,2736,1.180585
824,1129,913,216,13,180,3153,1.236583
825,1130,1016,114,16,200,2803,1.112205
826,1135,510,625,15,99,1945,2.225490
827,1148,1017,131,17,200,3210,1.128810
828,1154,428,726,23,81,2963,2.696262
829,1127,474,653,14,92,2338,2.377637
830,1131,446,685,16,86,2043,2.535874
831,1135,1017,118,17,200,2978,1.116028
832,1111,1010,101,10,200,3217,1.100000
833,1130,1015,115,15,200,3029,1.113300
834,1128,309,819,14,59,1320,3.650485
835,1120,1015,105,15,200,3088,1.103448
836,1135,235,900,15,44,1364,4.829787
837,1127,1017,110,17,200,2883,1.108161
838,1143,173,970,23,30,2787,6.606936
839,1127,486,641,16,94,1703,2.318930
840,1131,506,625,16,98,1766,2.235178
841,1144,1018,126,18,200,2934,1.123772
842,1110,1010,100,10,200,2808,1.099010
843,1128,704,424,14,138,2536,1.602273
844,1123,618,505,13,121,2346,1.817152
845,1125,648,477,13,127,2129,1.736111
846,1140,249,891,14,47,1352,4.578313
847,1140,1017,123,17,200,2861,1.120944
848,1153,167,986,22,29,1270,6.904192
849,1126,451,675,16,87,2594,2.496674
850,1131,531,600,16,103,2251,2.129944
851,1142,1018,124,18,200,3110,1.121807
852,1118,1011,107,11,200,2706,1.105836
853,1131,1013,118,13,200,3778,1.116486
854,1129,933,196,13,184,3141,1.210075
855,1130,1016,114,16,200,3193,1.112205
856,1135,420,715,15,81,1851,2.702381
857,1148,1017,131,17,200,2436,1.128810
858,1154,723,431,23,140,2221,1.596127
859,1127,534,593,14,104,2259,2.110487
860,1131,541,590,16,105,1956,2.090573
861,1135,817,318,17,160,2620,1.389229
862,1111,1010,101,10,200,3436,1.100000
863,1130,1015,115,15,200,2992,1.113300
864,1128,264,864,14,50,3077,4.272727
865,1120,1015,105,15,200,2715,1.103448
866,1135,235,900,15,44,1629,4.829787
867,1127,1017,110,17,200,3523,1.108161
868,1143,173,970,23,30,1411,6.606936
869,1127,491,636,16,95,2204,2.295316
870,1131,511,620,16,99,2235,2.213307
871,1144,968,176,18,190,2708,1.181818
872,1110,1010,100,10,200,2616,1.099010
873,1128,704,424,14,138,2348,1.602273
874,1123,598,525,13,117,2483,1.877926
875,1125,638,487,13,125,2343,1.763323
876,1140,274,866,14,52,4206,4.160584
877,1140,1017,123,17,200,3650,1.120944
878,1153,167,986,22,29,1426,6.904192
879,1126,346,780,16,66,2227,3.254335
880,1131,476,655,16,92,1696,2.376050
881,1142,1018,124,18,200,3752,1.121807
882,1118,1011,107,11,200,8341,1.105836
883,1131,973,158,13,192,2619,1.162384
884,1129,833,296,13,164,2841,1.355342
885,1130,1016,114,16,200,2606,1.112205
886,1135,430,705,15,83,1631,2.639535
887,1148,1017,131,17,200,2613,1.128810
888,1154,653,501,23,126,3868,1.767228
889,1127,394,733,14,76,1879,2.860406
890,1131,521,610,16,101,1663,2.170825
891,1135,757,378,17,148,2492,1.499339
892,1111,1010,101,10,200,3934,1.100000
893,1130,1015,115,15,200,2857,1.113300
894,1128,259,869,14,49,1252,4.355212
895,1120,955,165,15,188,2844,1.172775
896,1135,230,905,15,43,1877,4.934783
897,1127,1017,110,17,200,2621,1.108161
898,1143,173,970,23,30,1717,6.606936
899,1127,481,646,16,93,2307,2.343035
900,1132,436,696,16,84,2083,2.596330
901,1144,943,201,18,185,2663,1.213150
902,1110,1010,100,10,200,2574,1.099010
903,1128,604,524,14,118,1904,1.867550
904,1123,638,485,13,125,2527,1.760188
905,1125,628,497,13,123,2019,1.791401
906,1140,329,811,14,63,1570,3.465046
907,1140,1017,123,17,200,3426,1.120944
908,1153,167,986,22,29,1279,6.904192
909,1126,376,750,16,72,3049,2.994681
910,1132,556,576,16,108,2222,2.035971
911,1142,1018,124,18,200,2838,1.121807
912,1118,1011,107,11,200,2395,1.105836
913,1131,1013,118,13,200,3725,1.116486
914,1129,553,576,13,108,3096,2.041591
915,1130,1016,114,16,200,3127,1.112205
916,1135,455,680,15,88,1756,2.494505
917,1148,1017,131,17,200,2780,1.128810
918,1154,718,436,23,139,2266,1.607242
919,1127,409,718,14,79,1676,2.755501
920,1132,436,696,16,84,1762,2.596330
921,1135,862,273,17,169,2967,1.316705
922,1111,1010,101,10,200,3186,1.100000
923,1130,1015,115,15,200,2625,1.113300
924,1128,274,854,14,52,1475,4.116788
925,1120,1015,105,15,200,2869,1.103448
926,1135,245,890,15,46,1803,4.632653
927,1127,1017,110,17,200,3603,1.108161
928,1143,173,970,23,30,1306,6.606936
929,1127,386,741,16,74,1894,2.919689
930,1132,531,601,16,103,2201,2.131827
931,1144,1018,126,18,200,3270,1.123772
932,1110,1010,100,10,200,3454,1.099010
933,1128,794,334,14,156,3031,1.420655
934,1123,533,590,13,104,2059,2.106942
935,1125,603,522,13,118,2340,1.865672
936,1140,399,741,14,77,1937,2.857143
937,1140,1017,123,17,200,2949,1.120944
938,1153,167,986,22,29,1066,6.904192
939,1126,456,670,16,88,1973,2.469298
940,1132,331,801,16,63,1512,3.419940
941,1142,1018,124,18,200,3063,1.121807
942,1118,1011,107,11,200,2681,1.105836
943,1131,1013,118,13,200,3642,1.116486
944,1129,573,556,13,112,3804,1.970332
945,1130,1016,114,16,200,3499,1.112205
946,1135,455,680,15,88,2251,2.494505
947,1148,1017,131,17,200,2952,1.128810
948,1154,673,481,23,130,2363,1.714710
949,1127,574,553,14,112,2966,1.963415
950,1132,646,486,16,126,2546,1.752322
951,1135,982,153,17,193,3009,1.155804
952,1111,1010,101,10,200,3091,1.100000
953,1130,1015,115,15,200,2566,1.113300
954,1128,404,724,14,78,8883,2.792079
955,1120,1015,105,15,200,2955,1.103448
956,1135,250,885,15,47,1627,4.540000
957,1127,1017,110,17,200,3614,1.108161
958,1143,173,970,23,30,1820,6.606936
959,1127,496,631,16,96,2223,2.272177
960,1132,446,686,16,86,1602,2.538117
961,1144,743,401,18,145,2602,1.539704
962,1110,1010,100,10,200,2946,1.099010
963,1128,639,489,14,125,2063,1.765258
964,1123,593,530,13,116,2151,1.893761
965,1125,583,542,13,114,2281,1.929674
966,1140,194,946,14,36,2787,5.876289
967,1140,1017,123,17,200,3036,1.120944
968,1153,167,986,22,29,1247,6.904192
969,1126,546,580,16,106,2596,2.062271
970,1132,516,616,16,100,4673,2.193798
971,1142,1018,124,18,200,3044,1.121807
972,1118,1011,107,11,200,2834,1.105836
973,1131,928,203,13,183,3280,1.218750
974,1129,668,461,13,131,2158,1.690120
975,1130,1016,114,16,200,3525,1.112205
976,1135,420,715,15,81,1468,2.702381
977,1148,1017,131,17,200,2785,1.128810
978,1154,733,421,23,142,2268,1.574352
979,1127,334,793,14,64,1851,3.374251
980,1132,496,636,16,96,1511,2.282258
981,1135,852,283,17,167,2491,1.332160
982,1111,1010,101,10,200,2571,1.100000
983,1130,1015,115,15,200,3002,1.113300
984,1128,414,714,14,80,1903,2.724638
985,1120,955,165,15,188,2897,1.172775
986,1135,255,880,15,48,3037,4.450980
987,1127,1017,110,17,200,2984,1.108161
988,1143,173,970,23,30,1350,6.606936
989,1127,481,646,16,93,1719,2.343035
990,1132,631,501,16,123,1926,1.793978
991,1144,723,421,18,141,2819,1.582296
992,1110,1010,100,10,200,2882,1.099010
993,1128,774,354,14,152,2389,1.457364
994,1123,528,595,13,103,2084,2.126894
995,1125,628,497,13,123,2216,1.791401
996,1140,299,841,14,57,1925,3.812709
997,1140,1017,123,17,200,3091,1.120944
998,1153,167,986,22,29,1387,6.904192
999,1126,431,695,16,83,1994,2.612529
